"Player","Team","Experience","Minutes","Pace","PTS","AST","DREB","OREB","BLK","STL","TOV","FGA","FTA","FG3A","RimFGA","PF","date_of_projection"
"Giannis Antetokounmpo","Milwaukee Bucks","Vet",33.9,98.1,25.4,5.3,10,2.2,1.1,1.1,3.9,19.3,9.7,2.5,8.1,3.3,2022-08-28
"LeBron James","Los Angeles Lakers","Vet",32.8,96.9,25.2,6.2,6.2,1,0.8,1.1,3.2,17.8,5.5,6,6.4,2.5,2022-08-28
"Donovan Mitchell","Utah Jazz","Vet",36,94.8,25.1,5.6,3.6,0.9,0.2,1.3,3.1,19.4,6.1,7.5,4.1,2.7,2022-08-28
"Luka Doncic","Dallas Mavericks","Vet",35.2,93.5,25.1,6.7,7.8,0.9,0.6,1.3,3.9,19.5,9,7.9,4.2,2.7,2022-08-28
"Shai Gilgeous-Alexander","Oklahoma City Thunder","Vet",35.5,97.3,25.1,5.6,4.2,0.8,0.8,1.3,3.1,18.7,7.8,3.9,5.1,3.1,2022-08-28
"Nikola Jokic","Denver Nuggets","Vet",33.6,96.4,24.4,6.5,10.2,3,0.9,1.4,3.7,17.9,7.1,2.4,5.8,3.2,2022-08-28
"Devin Booker","Phoenix Suns","Vet",35.1,95.3,24,4.2,3.8,0.7,0.4,1,2.7,18,5.7,5.5,3,2.9,2022-08-28
"De'Aaron Fox","Sacramento Kings","Vet",35.4,97.3,23.5,5.2,3.2,0.5,0.4,1.3,2.8,19,6.3,4.7,4.6,3.4,2022-08-28
"Kevin Durant","Brooklyn Nets","Vet",34.4,97.2,23.1,5.5,6,0.6,0.9,0.9,3.2,17,6.7,4.3,2.2,2.4,2022-08-28
"Stephen Curry","Golden State Warriors","Vet",32.2,97.1,23.1,5.3,4.2,0.6,0.3,1.2,3,17.2,4.9,8.1,2.1,2.3,2022-08-28
"Joel Embiid","Philadelphia 76ers","Vet",34,94.3,22.9,2.9,8.7,2.3,1.3,1,3,17.4,9.2,2.6,5.5,3.1,2022-08-28
"Jayson Tatum","Boston Celtics","Vet",36,94.8,22.7,4.9,5.7,1.1,0.7,1.1,3.3,17.7,6.1,6,4.6,2.6,2022-08-28
"Trae Young","Atlanta Hawks","Vet",33.9,96.4,22.7,8.4,3,0.7,0.2,0.9,3.8,16.8,7.1,6.4,3,2.1,2022-08-28
"Ja Morant","Memphis Grizzlies","Vet",32.6,96.7,22.7,6.7,4.1,1.2,0.3,1.1,3.4,17.8,7.5,4.2,6.8,2,2022-08-28
"Jimmy Butler","Miami Heat","Vet",34.5,95,22.5,4.6,4.3,1.9,0.5,1.8,2,16.7,8,2.8,5.4,1.8,2022-08-28
"Brandon Ingram","New Orleans Pelicans","Vet",34.6,94.5,22.1,5,4.8,0.7,0.5,0.7,2.8,17.3,6.6,3.1,3.1,2.4,2022-08-28
"DeMar DeRozan","Chicago Bulls","Vet",33.9,95.6,21.3,3.9,3.8,0.7,0.3,0.9,2.2,16.4,6.7,0.5,3.1,2.5,2022-08-28
"Kyrie Irving","Brooklyn Nets","Vet",35.3,97.1,21,4.9,3.3,0.8,0.6,1.4,2.4,16.3,4.2,6,2.6,2.9,2022-08-28
"Jaylen Brown","Boston Celtics","Vet",34.9,94.7,21,3.1,5,1.2,0.3,1.1,2.7,17.2,5,5.3,4.4,2.8,2022-08-28
"Zion Williamson","New Orleans Pelicans","Vet",31.9,98,20.4,3.2,4.3,2.3,0.6,1,2.7,14.8,6.4,2.1,7.2,2.7,2022-08-28
"Pascal Siakam","Toronto Raptors","Vet",34.9,93.4,20.2,4.6,5.7,1.6,0.6,1.1,2.7,16.1,5.5,2.3,3.9,3.3,2022-08-28
"Anthony Edwards","Minnesota Timberwolves","Sophomore",34.2,97,20,3.1,3.5,0.8,0.6,1.3,2.5,16,4.3,7,4.6,2.6,2022-08-28
"Darius Garland","Cleveland Cavaliers","Vet",34.3,94.7,19.8,7.3,2.3,0.6,0.2,1.3,3.3,17.5,4.6,5.1,4.5,2.1,2022-08-28
"Karl-Anthony Towns","Minnesota Timberwolves","Vet",31.4,97.2,19.6,2.6,6.8,2.3,1.2,0.9,2.8,13.4,6.2,3.6,5,3.6,2022-08-28
"Damian Lillard","Portland Trail Blazers","Vet",32.1,98.8,19.4,5.7,3,0.5,0.3,0.8,2.5,16.5,6.2,7.6,3.9,1.9,2022-08-28
"CJ McCollum","New Orleans Pelicans","Vet",32.6,94.7,19.4,4.3,3.2,0.7,0.4,0.9,2,16.7,3.2,5.8,2.7,2.2,2022-08-28
"LaMelo Ball","Charlotte Hornets","Sophomore",33.3,96.8,19.1,6.7,4.5,1.3,0.4,1.6,3.3,16.4,4,7.1,4.1,3.3,2022-08-28
"Zach LaVine","Chicago Bulls","Vet",31.6,95.2,18.8,3.9,3.4,0.4,0.3,0.7,2.5,13.3,5.2,5,4.5,2.2,2022-08-28
"RJ Barrett","New York Knicks","Vet",33.6,94.7,18.8,2.8,4.2,0.9,0.2,0.7,2.5,16.6,6.5,5,6.2,2.4,2022-08-28
"Dejounte Murray","Atlanta Hawks","Vet",33.5,95.7,18.4,6.9,6.2,1,0.3,1.8,2.4,15.8,4.1,4.2,4.3,2.5,2022-08-28
"Bradley Beal","Washington Wizards","Vet",30.9,99.6,18.3,4.9,3,0.9,0.4,0.9,2.7,15.4,5,3.6,3.7,2.5,2022-08-28
"Kawhi Leonard","Los Angeles Clippers","Vet",30.1,99.1,17.7,3.3,4.6,1.3,0.5,1.5,1.7,14.5,4.4,3.9,3.3,2.2,2022-08-28
"Khris Middleton","Milwaukee Bucks","Vet",31.3,97.9,17.1,4.8,4.2,0.7,0.3,1.1,2.5,13.1,3.8,5.7,1.9,2.8,2022-08-28
"Tyrese Maxey","Philadelphia 76ers","Sophomore",35,94.9,17.1,3.5,2.6,0.5,0.4,0.8,1.5,13.4,3.7,4.4,4.1,2.3,2022-08-28
"Cade Cunningham","Detroit Pistons","Rookie",31.4,95.2,17.1,5,3.9,0.9,0.7,1.1,3.5,15.2,3.6,3.7,4.7,3.2,2022-08-28
"Jalen Green","Houston Rockets","Rookie",31.7,97.3,17.1,2.4,2.7,0.6,0.3,0.7,1.9,14.8,4,6.1,4.4,1.9,2022-08-28
"Miles Bridges","Charlotte Hornets","Vet",32.2,96.5,16.8,2.9,5,1.1,0.7,0.8,1.9,12.9,4,4.6,5.4,2.5,2022-08-28
"James Harden","Philadelphia 76ers","Vet",34.1,95.1,16.7,7.6,5.2,0.9,0.5,1.2,3.7,12.2,6.7,5.1,3.2,2.4,2022-08-28
"Paul George","Los Angeles Clippers","Vet",25.6,95.9,16.6,3.7,4.4,0.4,0.3,1.2,2.4,13,3.9,5.1,2.3,2.1,2022-08-28
"Jrue Holiday","Milwaukee Bucks","Vet",32.1,97.9,16.5,5.8,3.2,1,0.4,1.5,2.5,14.8,2.9,4.7,3.4,2.1,2022-08-28
"Domantas Sabonis","Sacramento Kings","Vet",32.1,96.3,16.5,4.9,8,2.9,0.5,0.9,3.1,11.8,5.8,1,6,3.9,2022-08-28
"Jalen Brunson","New York Knicks","Vet",31.4,94.3,16.3,3.6,3.2,0.7,0.1,0.8,1.6,13.5,3.9,3,2.9,2.3,2022-08-28
"Keldon Johnson","San Antonio Spurs","Vet",31.4,95.9,16.3,2.1,4.5,1,0.3,0.7,1.4,13.7,3.7,5.5,3.8,2.4,2022-08-28
"Julius Randle","New York Knicks","Vet",29.4,94.7,16.3,3.9,6.4,1.3,0.4,0.7,2.9,14.2,5.6,4.3,4,3,2022-08-28
"Bojan Bogdanovic","Utah Jazz","Vet",30.7,94.4,16.2,1.6,3.1,0.8,0.1,0.6,1.7,12.6,3.6,5.8,2.3,2.2,2022-08-28
"Kristaps Porzingis","Washington Wizards","Vet",24.4,95,15.9,1.9,5.1,1.6,1.2,0.6,1.5,12.3,4.8,3.6,2.8,2.6,2022-08-28
"Anfernee Simons","Portland Trail Blazers","Vet",27.8,95.6,15.9,3.6,2.1,0.4,0.1,0.6,2,13.4,2.4,6.3,2,2.3,2022-08-28
"Terry Rozier","Charlotte Hornets","Vet",29.9,96.2,15.8,3.7,2.9,0.7,0.3,1.1,1.5,13.4,2.6,6.1,3.2,1.9,2022-08-28
"Klay Thompson","Golden State Warriors","Vet",30,96.5,15.7,1.8,3,0.4,0.5,0.8,1.1,13.7,1.4,6.9,1.3,2,2022-08-28
"Deandre Ayton","Phoenix Suns","Vet",29.4,94.7,15.6,1.4,6.6,2.8,0.8,0.7,1.6,12.2,2.8,0,4.5,2.8,2022-08-28
"Desmond Bane","Memphis Grizzlies","Sophomore",31.4,96.8,15.6,2.3,3.3,0.7,0.4,1.2,1.4,12.3,2.4,5.5,2.5,2.6,2022-08-28
"Jordan Clarkson","Utah Jazz","Vet",28.1,93.9,15.6,2.2,2.5,0.9,0.2,0.8,1.7,12.6,2.5,5.5,1.9,2.1,2022-08-28
"Jaren Jackson Jr.","Memphis Grizzlies","Vet",28.1,96.6,15.2,1,4.1,1.7,2.4,0.9,1.8,12.4,4.6,4.7,3.1,3.8,2022-08-28
"Andrew Wiggins","Golden State Warriors","Vet",31.7,96.2,15.2,1.8,3.8,1.5,0.8,1,1.6,12.9,3.1,4.3,2.9,2.4,2022-08-28
"Kevin Porter Jr.","Houston Rockets","Vet",29.6,97.2,15.2,5,3.3,0.7,0.3,1,2.6,13.5,3.3,6.1,2.8,2.6,2022-08-28
"Gary Trent Jr.","Toronto Raptors","Vet",31.6,94.3,15.1,1.5,2,0.4,0.2,1.3,1.1,13,3,5.7,1.7,2.1,2022-08-28
"Nikola Vucevic","Chicago Bulls","Vet",29.7,95.3,14.9,2.4,7.7,1.9,0.8,0.8,1.7,13.1,1.8,3.9,3.3,2.5,2022-08-28
"Jordan Poole","Golden State Warriors","Vet",25.7,96.2,14.7,3.3,2.3,0.5,0.3,0.7,2.1,11.1,3.3,5.6,2,2.7,2022-08-28
"Tyler Herro","Miami Heat","Vet",27.1,94.7,14.7,3,3.6,0.5,0.2,0.6,2,12.8,2.5,4.6,2.3,1.6,2022-08-28
"Fred VanVleet","Toronto Raptors","Vet",30.5,93.2,14.3,4.7,2.7,0.5,0.4,1.4,1.9,11.8,2.7,6.7,1.3,2.5,2022-08-28
"Dillon Brooks","Memphis Grizzlies","Vet",27.1,96.9,14.3,2.1,2.1,0.7,0.3,1,1.5,13.9,2.5,4.4,2.8,3.1,2022-08-28
"Reggie Jackson","Los Angeles Clippers","Vet",28.1,95.2,14.3,4,2.8,0.5,0.3,0.7,2.1,13.5,2.4,4.8,2.5,2.3,2022-08-28
"Bam Adebayo","Miami Heat","Vet",31.7,94.3,14.2,2.9,6.4,2.3,0.8,1.2,2.2,10.5,4.9,-0.1,4.9,3,2022-08-28
"Jusuf Nurkic","Portland Trail Blazers","Vet",27.1,96,14.1,2.5,7,3,0.8,1,2.4,10.5,4.8,0.8,5.5,3.8,2022-08-28
"Russell Westbrook","Los Angeles Lakers","Vet",26.7,97.3,14.1,4.5,4.3,1.2,0.2,0.9,2.7,11.5,4.2,2.2,4.2,2.6,2022-08-28
"Jonas Valanciunas","New Orleans Pelicans","Vet",27,93.5,13.6,2.2,7.2,3,0.7,0.5,2,10.2,3.8,1.1,4.2,3.2,2022-08-28
"Tobias Harris","Philadelphia 76ers","Vet",31.1,94.3,13.6,2.4,5,0.9,0.5,0.7,1.4,11,2.3,3.3,3.2,2.3,2022-08-28
"Kyle Kuzma","Washington Wizards","Vet",25.9,95.7,13.6,2.8,5,0.9,0.6,0.5,2,11.6,2.8,4.1,2.3,2.1,2022-08-28
"D'Angelo Russell","Minnesota Timberwolves","Vet",28.7,97.2,13.5,5.9,2.4,0.4,0.2,1,2.3,11,3.4,4.7,1.8,2.1,2022-08-28
"Anthony Davis","Los Angeles Lakers","Vet",22.7,97.4,13.3,1.9,4.3,1.5,1.4,0.8,1.5,9.8,3.9,0.6,4,1.8,2022-08-28
"Lauri Markkanen","Cleveland Cavaliers","Vet",28.1,94.2,13.2,0.9,4.3,0.9,0.4,0.7,0.9,10.2,2.5,5.2,2.7,2.3,2022-08-28
"Buddy Hield","Indiana Pacers","Vet",28.4,95.8,13.2,2.6,3.1,0.7,0.3,0.8,1.9,11.5,1.7,6,2.2,2.3,2022-08-28
"Jamal Murray","Denver Nuggets","Vet",25.7,97,13.1,2.9,2.4,0.7,0.3,0.9,1.6,11,2.3,3.9,2.2,1.9,2022-08-28
"Aaron Gordon","Denver Nuggets","Vet",29.4,96.1,13.1,2,3.8,1.8,0.6,0.6,1.7,10,3.4,2.6,4.2,2.3,2022-08-28
"Tyrese Haliburton","Indiana Pacers","Sophomore",31.1,96.9,13.1,7.3,2.7,0.8,0.5,1.5,2.5,10.2,2.8,3.6,2.1,1.9,2022-08-28
"De'Andre Hunter","Atlanta Hawks","Vet",28.1,96.2,13.1,1,2.9,0.6,0.3,0.6,1.4,10.8,3.4,3.2,2.7,2.7,2022-08-28
"Saddiq Bey","Detroit Pistons","Sophomore",28.1,95.4,13.1,2.1,3.1,0.9,0.2,0.8,1.2,11.7,2.8,6,2,1.7,2022-08-28
"Collin Sexton","Cleveland Cavaliers","Vet",24.3,97.4,13.1,2.7,1.8,0.8,0.2,0.8,1.9,11.3,3.9,3,3.7,2.2,2022-08-28
"Scottie Barnes","Toronto Raptors","Rookie",31.5,94,12.9,2.9,4.3,2,0.6,1,1.7,11,2.8,2.2,3.4,2.6,2022-08-28
"Christian Wood","Dallas Mavericks","Vet",25.7,95.8,12.8,1.8,6.4,1.4,0.8,0.7,1.6,9.3,4.3,3.9,3.1,2.5,2022-08-28
"Wendell Carter Jr.","Orlando Magic","Vet",25.1,96.7,12.7,2.1,6.6,2.1,0.6,0.6,1.8,9.4,3.7,2.1,3.7,2.8,2022-08-28
"Evan Mobley","Cleveland Cavaliers","Rookie",29.2,93.8,12.6,1.9,5.1,2.1,1.4,0.7,1.7,10.2,3.6,0.7,4.5,2.4,2022-08-28
"Paolo Banchero","Orlando Magic",NA,26.2,95.8,12.5,1.8,4.2,1.7,1,0.8,1.8,9.9,3.3,2.3,3.7,2.4,2022-08-28
"Chris Paul","Phoenix Suns","Vet",29.4,95,12.3,7.5,3,0.5,0.3,1.5,2.2,9.4,2.9,2.7,0.8,2.3,2022-08-28
"Bogdan Bogdanovic","Atlanta Hawks","Vet",24.6,94.9,12.3,2.3,2.7,0.5,0.2,0.9,1.1,10.4,1.9,5.5,1.5,2,2022-08-28
"Immanuel Quickley","New York Knicks","Sophomore",24.9,94.1,12.2,3.6,3.2,0.5,0.1,0.7,1.8,10.2,3.2,4.7,1.6,2.2,2022-08-28
"Luguentz Dort","Oklahoma City Thunder","Vet",23.1,96.9,12.2,1.2,2.3,0.6,0.3,0.7,1.3,10,3.2,4.6,2.1,2.3,2022-08-28
"Malcolm Brogdon","Boston Celtics","Vet",24.8,95.5,12,3.6,2.7,0.7,0.2,0.6,1.5,10,3.3,3,3.8,2,2022-08-28
"Jerami Grant","Portland Trail Blazers","Vet",23.6,95.6,12,1.5,2.5,0.4,0.7,0.6,1.3,9.8,3.9,3.9,2.3,2.2,2022-08-28
"Marcus Smart","Boston Celtics","Vet",31.4,94.9,11.7,5.1,3.1,0.8,0.3,1.4,2.3,10.8,3,4.4,2.4,2.7,2022-08-28
"Spencer Dinwiddie","Dallas Mavericks","Vet",24.3,93.5,11.6,3.3,2.2,0.5,0.3,0.6,1.5,8.9,3.3,4,2.1,2.1,2022-08-28
"Franz Wagner","Orlando Magic","Rookie",24.7,96.7,11.6,2.1,2.7,0.9,0.3,0.7,1.4,9.5,2.7,2.3,3.4,2.1,2022-08-28
"Mikal Bridges","Phoenix Suns","Vet",31.9,94.7,11.3,1.9,3,0.9,0.5,1.1,1,9.6,2.2,2.4,3,2,2022-08-28
"Marcus Morris Sr.","Los Angeles Clippers","Vet",23.1,95.1,11.2,1.4,2.8,0.5,0.3,0.5,1,9.2,2.1,3.7,0.9,1.9,2022-08-28
"OG Anunoby","Toronto Raptors","Vet",27.9,94,11.1,1.7,3,1.1,0.4,1.1,1.4,9.7,1.9,4.5,2.8,2.2,2022-08-28
"Norman Powell","Los Angeles Clippers","Vet",20.8,95.6,11.1,1.2,1.8,0.4,0.3,0.7,1.1,8.4,3.6,3.5,2.5,1.9,2022-08-28
"Evan Fournier","New York Knicks","Vet",25.4,94.8,11.1,2,1.8,0.3,0.3,0.9,1.1,9.1,1.4,6.2,0.8,2.2,2022-08-28
"Cole Anthony","Orlando Magic","Sophomore",23.7,96.4,11.1,3.7,3.1,0.4,0.2,0.5,1.9,9,3,3.6,1.7,2.3,2022-08-28
"Caris LeVert","Cleveland Cavaliers","Vet",25.3,94.6,10.9,2.9,2.4,0.6,0.3,0.8,1.5,9.3,2.5,2.7,2.5,2,2022-08-28
"Mike Conley","Utah Jazz","Vet",26.3,94.8,10.8,4.7,2.1,0.6,0.3,1.1,1.8,9.1,2.3,4.4,1,2.2,2022-08-28
"Harrison Barnes","Sacramento Kings","Vet",26.9,96.7,10.8,1.6,3.2,0.8,0.2,0.6,1.2,7.8,3.9,3.2,2.3,1.3,2022-08-28
"Malik Monk","Sacramento Kings","Vet",22.6,96,10.7,2,2.1,0.4,0.3,0.6,1.5,8.9,1.8,4,2.5,1.7,2022-08-28
"Josh Hart","Portland Trail Blazers","Vet",24.7,97,10.7,2.6,4.2,0.8,0.2,0.8,1.6,9.3,3.2,3.7,3.3,2.4,2022-08-28
"Rudy Gobert","Minnesota Timberwolves","Vet",28,94.9,10.6,0.8,9,3.1,1.6,0.6,1.5,6.1,5.4,-0.1,5.2,2.7,2022-08-28
"Josh Giddey","Oklahoma City Thunder","Rookie",24.4,96.2,10.6,4.5,4.3,1.4,0.3,0.8,2.4,9.4,1.8,2.5,2.5,1.7,2022-08-28
"Seth Curry","Brooklyn Nets","Vet",27.6,94.6,10.5,2.4,2.2,0.3,0.2,0.7,1.1,8.3,1.2,4.7,0.8,2.3,2022-08-28
"Will Barton","Washington Wizards","Vet",27,95.4,10.5,2.5,3,0.6,0.3,0.7,1.4,8.9,1.7,4,2,1.8,2022-08-28
"Devin Vassell","San Antonio Spurs","Sophomore",24.7,96.4,10.3,1.5,2.8,0.5,0.4,0.9,0.9,8.8,1.5,4.5,1.4,1.9,2022-08-28
"Bobby Portis","Milwaukee Bucks","Vet",22.9,96.7,10.2,0.8,5.5,1.9,0.5,0.6,1,8.5,1.5,3.2,2.3,2.2,2022-08-28
"Davion Mitchell","Sacramento Kings","Rookie",24.5,96.2,10.2,4,1.5,0.4,0.3,0.7,1.8,9.1,1.6,2.7,2.7,1.8,2022-08-28
"John Collins","Atlanta Hawks","Vet",22.4,95.4,10.1,1,4.2,1.3,0.6,0.5,1,8,2.3,2.1,2.9,2.4,2022-08-28
"Jakob Poeltl","San Antonio Spurs","Vet",25.5,96.1,9.9,1.8,4.8,3,1.5,0.6,1.4,8.2,2.8,-0.2,4.2,3,2022-08-28
"Jarrett Allen","Cleveland Cavaliers","Vet",23.7,94.1,9.9,1,4.8,2.5,1,0.5,1.2,6.6,3,0,4.1,1.6,2022-08-28
"Coby White","Chicago Bulls","Vet",23.3,95,9.6,2.3,2.3,0.3,0.1,0.5,1.2,8.2,1.5,4.2,1.8,2,2022-08-28
"Monte Morris","Washington Wizards","Vet",25.1,95.5,9.5,3.5,2,0.4,0.2,0.7,1.1,7.6,1.4,3.1,1.6,1.5,2022-08-28
"Tim Hardaway Jr.","Dallas Mavericks","Vet",20.1,95.7,9.5,1.2,2,0.3,0.1,0.5,0.7,8,1.8,4.2,1.1,1.5,2022-08-28
"Bones Hyland","Denver Nuggets","Rookie",18.9,95.8,9.4,2.9,2.1,0.3,0.2,0.6,1.5,7.6,2.1,4.3,1.4,2.3,2022-08-28
"Terence Davis","Sacramento Kings","Vet",19.2,97.3,9.4,1.3,2.5,0.5,0.3,0.8,1.2,8.3,1.6,4.3,2.3,2.3,2022-08-28
"Chet Holmgren","Oklahoma City Thunder",NA,21.9,95.9,9.4,1,3.7,1.7,1,0.5,1.4,7.7,2.6,1.5,3.1,2.6,2022-08-28
"Michael Porter Jr.","Denver Nuggets","Vet",21.1,95.7,9.3,1.1,3.4,1,0.4,0.7,1,7.7,1.5,3.4,2,1.8,2022-08-28
"Kyle Lowry","Miami Heat","Vet",27.6,95.4,9.3,5.1,3.1,0.5,0.3,0.9,2,7.7,2.7,4.4,1.4,2.7,2022-08-28
"Obi Toppin","New York Knicks","Sophomore",18.3,94.7,9.3,1.1,2.8,0.8,0.4,0.4,0.9,7.3,1.6,3.1,3.3,1.6,2022-08-28
"Kevin Huerter","Sacramento Kings","Vet",25.2,95.6,9.2,2.2,2.3,0.4,0.3,0.7,1.1,7.9,0.9,4.3,1.2,2.4,2022-08-28
"Oshae Brissett","Indiana Pacers","Vet",22.9,96.5,9.2,1.1,3.5,1.3,0.4,0.6,0.9,7.6,2.6,3.6,2.8,1.8,2022-08-28
"Adonis Arms","Denver Nuggets",NA,24.3,95.1,9.1,2.3,4.5,0.9,0.5,0.5,1.2,8.2,2.2,4,3.5,2.7,2022-08-28
"Max Strus","Miami Heat","Vet",23.6,94.6,9.1,1.5,2.5,0.6,0.3,0.6,1,7.6,1,5.3,1.5,2.2,2022-08-28
"Jabari Smith Jr.","Houston Rockets",NA,22.4,95.5,9.1,1.2,3.4,1.5,0.8,0.6,1.4,7.7,2.4,2,3,2.4,2022-08-28
"Alec Burks","Detroit Pistons","Vet",23.6,95.1,8.9,2.2,3.4,0.5,0.3,0.8,1.1,6.7,2.6,3.6,1,2.4,2022-08-28
"Dorian Finney-Smith","Dallas Mavericks","Vet",30.5,92.6,8.8,1.6,2.9,1.4,0.4,0.9,1,7.2,1.1,4.3,2.1,2.4,2022-08-28
"Bruce Brown","Denver Nuggets","Vet",24.3,95.2,8.7,2.1,3,1.4,0.6,1,1.2,6.9,2,1.7,2.9,2.6,2022-08-28
"Jaden Ivey","Detroit Pistons",NA,21.5,95.5,8.7,2.7,2,0.5,0.2,0.8,1.5,7.7,1.9,3,2.2,1.8,2022-08-28
"Al Horford","Boston Celtics","Vet",28.6,94.9,8.6,2.6,6,1.6,1.2,0.8,1.1,6.6,1.2,2.8,1.9,2.2,2022-08-28
"Montrezl Harrell","Charlotte Hornets","Vet",18.4,95.6,8.6,1.4,2.8,1.8,0.5,0.4,1,5.4,3.2,-0.1,4.1,1.9,2022-08-28
"Keegan Murray","Sacramento Kings",NA,21.2,95.9,8.6,1.4,2.8,1,0.5,0.7,1.3,7.4,2.2,2.5,2.5,2,2022-08-28
"Cameron Johnson","Phoenix Suns","Vet",20.9,95.4,8.5,1.1,2.5,0.6,0.2,0.6,0.8,6.6,1.8,3.9,1.4,1.7,2022-08-28
"Kevin Love","Cleveland Cavaliers","Vet",17.1,95,8.5,1.3,4.3,0.9,0.2,0.3,1,6.8,1.7,4.1,0.9,1.3,2022-08-28
"Derrick White","Boston Celtics","Vet",22.6,94.7,8.4,2.5,2.1,0.5,0.5,0.7,1.2,6.9,2.4,2.6,1.5,1.9,2022-08-28
"Ivica Zubac","Los Angeles Clippers","Vet",21.7,94.6,8.4,1.3,4.7,2.7,0.9,0.4,1.5,6.1,3.2,-0.1,3.6,2.9,2022-08-28
"Danilo Gallinari","Boston Celtics","Vet",20.1,94.5,8.4,0.9,2.9,0.5,0.2,0.4,0.7,7,2.1,3,1.1,1.5,2022-08-28
"Kelly Oubre Jr.","Charlotte Hornets","Vet",17.7,96.8,8.4,0.7,2.1,0.7,0.3,0.6,0.6,6.9,1.8,3.9,2,1.8,2022-08-28
"Precious Achiuwa","Toronto Raptors","Sophomore",21.3,93.3,8.4,0.8,3.4,1.4,0.5,0.5,1.1,7,1.8,2.5,2.6,2,2022-08-28
"Clint Capela","Atlanta Hawks","Vet",22.2,95.8,8.3,0.7,6.5,3,1,0.6,0.8,6,2.1,-0.1,5.2,2.1,2022-08-28
"Brandon Clarke","Memphis Grizzlies","Vet",18.8,97,8.3,1.1,2.9,2,0.8,0.6,0.8,5.9,2.2,-0.1,3.3,1.7,2022-08-28
"Malik Beasley","Utah Jazz","Vet",20.6,96.5,8.3,0.9,2,0.3,0.1,0.5,0.6,6.9,1,4.8,1.1,1.3,2022-08-28
"Herbert Jones","New Orleans Pelicans","Rookie",28.5,94.8,8.2,1.8,2.3,1.1,0.7,1.5,1.3,6.5,2.2,1.9,3,3,2022-08-28
"Tre Mann","Oklahoma City Thunder","Rookie",18.2,95.6,8.2,1.3,1.8,0.4,0.2,0.6,1,7.4,1.4,3.4,1.1,1.5,2022-08-28
"Derrick Rose","New York Knicks","Vet",18.6,96.1,8,2.8,1.5,0.5,0.3,0.6,1.1,6.9,1.2,2.2,1.9,1.1,2022-08-28
"Alperen Sengun","Houston Rockets","Rookie",19.2,96.6,8,2,3.2,1.7,0.7,0.6,1.6,6.3,2.5,1.3,2.8,2.3,2022-08-28
"Darius Bazley","Oklahoma City Thunder","Vet",20.6,96.1,8,1.1,3.4,0.7,0.5,0.6,1.1,6.8,2.2,2.9,2.5,1.1,2022-08-28
"Chris Boucher","Toronto Raptors","Vet",19.2,93.4,7.9,0.4,3.4,1.8,0.9,0.5,0.7,6,2.3,2.3,2.9,2.1,2022-08-28
"Mo Bamba","Orlando Magic","Vet",19.9,95.5,7.9,0.8,4.5,1.5,1.2,0.4,0.8,6.6,1.1,3.3,2,2.2,2022-08-28
"Dennis Schroder","Houston Rockets","Vet",19.4,95.7,7.9,3.1,1.8,0.4,0.1,0.6,1.5,6.2,1.9,2.4,1.6,1.9,2022-08-28
"Brook Lopez","Milwaukee Bucks","Vet",19.6,97.3,7.8,0.6,2.5,1.4,1,0.5,0.8,6.2,1.5,1.8,2.5,1.9,2022-08-28
"Myles Turner","Indiana Pacers","Vet",19.7,95.2,7.8,0.7,3.2,1.1,1.9,0.5,0.9,6.3,1.9,2.3,1.9,2.3,2022-08-28
"P.J. Washington","Charlotte Hornets","Vet",23.7,96.6,7.8,1.6,3.1,1.1,0.7,0.8,1.1,6.1,1.4,2.8,2.4,2.1,2022-08-28
"Victor Oladipo","Miami Heat","Vet",17.3,95.9,7.8,1.7,2,0.3,0.2,0.8,1.2,6.4,2.1,2.7,1.7,1.4,2022-08-28
"Jae'Sean Tate","Houston Rockets","Sophomore",20.3,96.7,7.8,1.8,2.5,1.3,0.4,0.7,1.2,6.3,1.8,1.7,3,2.9,2022-08-28
"Lonnie Walker IV","Los Angeles Lakers","Vet",16.3,95.9,7.8,1.1,1.5,0.2,0.2,0.4,0.7,6.8,1.5,3.2,1.5,1.2,2022-08-28
"Jae Crowder","Phoenix Suns","Vet",24.3,95.9,7.5,1.6,3.8,0.5,0.4,1,0.9,6.6,1.4,4,0.6,2.5,2022-08-28
"Hamidou Diallo","Detroit Pistons","Vet",15.7,96,7.5,0.8,2.5,0.8,0.2,0.7,0.8,6.4,2,0.9,2.6,2,2022-08-28
"Kentavious Caldwell-Pope","Denver Nuggets","Vet",20.6,95,7.5,1.2,1.8,0.4,0.2,0.7,0.9,7,1.8,3.2,1,1.6,2022-08-28
"Reggie Bullock","Dallas Mavericks","Vet",29.8,93.1,7.4,1.4,2.9,0.5,0.2,0.8,0.7,6.7,0.9,5.2,1.1,2.1,2022-08-28
"Rui Hachimura","Washington Wizards","Vet",16.7,95.2,7.4,0.8,2.2,0.5,0.2,0.4,0.6,6.5,1.2,2,1.4,1.2,2022-08-28
"Carmelo Anthony","Los Angeles Lakers","Vet",16.3,97.4,7.4,0.6,2,0.5,0.4,0.4,0.7,6.1,1.5,3.2,0.8,1.7,2022-08-28
"Drew Eubanks","Portland Trail Blazers","Vet",18.1,94.5,7.2,0.9,3.3,1.8,0.5,0.5,1.1,5.4,2.2,0.3,2.5,2,2022-08-28
"Marvin Bagley III","Detroit Pistons","Vet",15.9,95.2,7.2,0.6,3,1.4,0.3,0.3,0.8,5.8,1.8,0.9,2.5,1.6,2022-08-28
"Deni Avdija","Washington Wizards","Sophomore",20,95.3,7.1,1.7,3.4,0.5,0.3,0.6,1.2,6.2,1.5,2.7,1.7,1.9,2022-08-28
"Ayo Dosunmu","Chicago Bulls","Rookie",22.7,96.1,7.1,2.7,1.9,0.4,0.3,0.7,1.3,6.1,1.2,1.8,2.3,2.1,2022-08-28
"Tyus Jones","Memphis Grizzlies","Vet",18.2,96.8,7,3.5,1.8,0.3,0.1,0.8,0.8,6.3,0.9,2.5,0.9,0.8,2022-08-28
"Jaden McDaniels","Minnesota Timberwolves","Sophomore",20,98,7,0.7,2.2,0.7,0.8,0.5,0.8,5.6,1.2,2.5,1.9,2.5,2022-08-28
"Trey Lyles","Sacramento Kings","Vet",16.6,96,7,0.8,3,0.9,0.3,0.3,0.7,5.3,2.3,1.7,2,1.4,2022-08-28
"Chris Duarte","Indiana Pacers","Rookie",16.2,96.3,7,1,1.8,0.5,0.1,0.6,1,5.9,1.5,2.2,1.6,1.3,2022-08-28
"Patrick Beverley","Utah Jazz","Vet",22.9,95.6,6.9,3.2,2.4,0.9,0.7,0.9,1.1,5.8,2.3,3,1.4,2.8,2022-08-28
"Terance Mann","Los Angeles Clippers","Vet",19.6,94.8,6.9,1.7,2.4,0.9,0.3,0.5,0.9,5.5,1.6,1.2,2.2,1.8,2022-08-28
"Moritz Wagner","Orlando Magic","Vet",14.7,96.7,6.9,1.2,2.8,0.7,0.2,0.4,0.9,5.3,1.8,2.4,1.9,1.8,2022-08-28
"Corey Kispert","Washington Wizards","Rookie",21.3,95.1,6.9,0.9,1.8,0.5,0.2,0.5,0.6,5.7,0.9,3.5,1.2,1.4,2022-08-28
"Luke Kennard","Los Angeles Clippers","Vet",17.1,94.4,6.8,1.1,1.6,0.2,0.1,0.3,0.6,5.5,0.9,3.4,0.6,1.1,2022-08-28
"Kenyon Martin Jr.","Houston Rockets","Sophomore",18.6,97.3,6.8,0.9,2.2,0.9,0.4,0.4,0.7,5.1,1.4,2,2.4,1.6,2022-08-28
"Kemba Walker","Detroit Pistons","Vet",17.5,97.6,6.8,2.3,1.6,0.3,0.1,0.5,0.9,5.7,1.7,3,1,1.2,2022-08-28
"Gordon Hayward","Charlotte Hornets","Vet",15.6,97.7,6.7,1.6,1.8,0.4,0.2,0.5,0.8,5.5,1.5,2,1.4,1.1,2022-08-28
"John Wall","Los Angeles Clippers","Vet",14.2,97.9,6.7,2.5,1.2,0.3,0.3,0.5,1.1,6.8,1.6,2.2,1.8,1.2,2022-08-28
"Talen Horton-Tucker","Los Angeles Lakers","Vet",15.8,96.7,6.7,1.6,1.5,0.4,0.3,0.7,1.1,5.7,1.7,1.7,2,1.6,2022-08-28
"Mike Muscala","Oklahoma City Thunder","Vet",13.7,96,6.6,0.5,2.2,0.5,0.4,0.3,0.4,4.9,1.1,3.2,0.8,1.5,2022-08-28
"Brandon Williams","Portland Trail Blazers","Rookie",15.6,95.5,6.6,2.3,1.3,0.4,0.2,0.6,1.4,6,2.1,2,1.8,1.4,2022-08-28
"Isaiah Stewart","Detroit Pistons","Sophomore",21.4,94.9,6.6,0.9,4.6,2.5,0.9,0.4,1.1,5.5,1.5,1.1,3.5,2.8,2022-08-28
"Jalen Suggs","Orlando Magic","Rookie",16.7,96.1,6.6,2.6,1.7,0.3,0.2,0.7,1.6,5.9,2.2,2,1.9,1.9,2022-08-28
"Grayson Allen","Milwaukee Bucks","Vet",20.3,96.9,6.5,1.1,1.9,0.4,0.2,0.5,0.7,5.1,1,3,1.3,1.4,2022-08-28
"Josh Richardson","San Antonio Spurs","Vet",17.1,95.7,6.5,1.1,1.5,0.4,0.3,0.6,0.7,5.5,1.2,2.6,0.7,1.4,2022-08-28
"Jaxson Hayes","New Orleans Pelicans","Vet",17.3,95,6.5,0.6,2.4,1.3,0.6,0.4,0.8,4.7,2.2,0.7,2.5,2,2022-08-28
"Ben Simmons","Brooklyn Nets","Vet",17.7,98,6.4,2.8,2.9,1,0.4,0.8,1.3,5.1,2.2,1.2,2.4,1.8,2022-08-28
"De'Anthony Melton","Philadelphia 76ers","Vet",15.8,96.3,6.4,1.6,2.2,0.6,0.4,0.9,1,5.9,1.1,3.3,1.2,1.4,2022-08-28
"Eric Gordon","Houston Rockets","Vet",16.4,97,6.4,1.1,1.1,0.2,0.2,0.3,0.9,4.7,1.4,2.7,1.1,1,2022-08-28
"Alekesej Pokusevski","Oklahoma City Thunder","Sophomore",16.7,96.3,6.4,1.9,3,0.9,0.5,0.5,1.4,5.6,1.1,2.4,1.5,1.4,2022-08-28
"Josh Christopher","Houston Rockets","Rookie",15.4,97.6,6.4,1.7,1.5,0.6,0.2,0.7,1.2,5.3,1.4,1.7,1.8,1.3,2022-08-28
"Draymond Green","Golden State Warriors","Vet",27.9,96.7,6.3,5.6,5.4,1.2,0.9,1.3,2.4,5.4,1.9,1.4,1.8,3.1,2022-08-28
"Goga Bitadze","Indiana Pacers","Vet",15,96,6.3,1,2.1,1.5,0.9,0.4,0.9,4.6,2,1.4,2.4,2.3,2022-08-28
"Devonte' Graham","New Orleans Pelicans","Vet",16.8,94,6.3,2.1,1.1,0.3,0.1,0.5,0.9,5.3,1.3,3.6,0.6,1.1,2022-08-28
"Jonathan Kuminga","Golden State Warriors","Rookie",12,95.4,6.3,0.7,1.8,0.6,0.2,0.3,0.9,4.7,2.4,1.1,1.8,1.3,2022-08-28
"Bennedict Mathurin","Indiana Pacers",NA,16.2,95.5,6.3,1.2,1.9,0.7,0.3,0.5,1,5.4,1.5,2,1.8,1.5,2022-08-28
"Robert Covington","Los Angeles Clippers","Vet",18.4,95,6.2,0.8,3,0.6,0.7,0.9,0.7,5,1.1,3.2,1.2,2,2022-08-28
"Daniel Gafford","Washington Wizards","Vet",14.7,95.7,6.2,0.6,2.4,1.6,0.9,0.4,0.7,4.1,1.9,-0.1,3.1,1.8,2022-08-28
"Andre Drummond","Chicago Bulls","Vet",15.1,95.3,6.2,0.9,4.3,2.1,0.7,0.8,1.1,4.6,1.9,-0.1,3.3,2.4,2022-08-28
"Naz Reid","Minnesota Timberwolves","Vet",13.5,97.4,6.1,0.6,2.3,1.1,0.8,0.4,0.9,4.4,1.7,1.7,2.1,2.1,2022-08-28
"Jalen Smith","Indiana Pacers","Sophomore",13.6,95.6,6.1,0.3,2.7,1.2,0.6,0.3,0.7,5,1.6,1.8,1.8,1.5,2022-08-28
"Grant Williams","Boston Celtics","Vet",20.7,94.5,6.1,0.7,2.3,0.9,0.6,0.4,0.8,4.6,1.5,1.9,1.6,2.6,2022-08-28
"Ben McLemore","Portland Trail Blazers","Vet",14.3,95.4,6.1,0.7,1,0.2,0.1,0.4,0.6,5.5,1.1,3.7,0.8,1.3,2022-08-28
"Nassir Little","Portland Trail Blazers","Vet",15.9,97.7,6,0.8,2.5,0.8,0.4,0.3,0.6,4.8,1.5,2.1,1.7,1.4,2022-08-28
"Markelle Fultz","Orlando Magic","Vet",13,97,6,2.8,1.4,0.2,0.2,0.6,1.1,5.6,1.1,0.3,1.7,1,2022-08-28
"Doug McDermott","San Antonio Spurs","Vet",14.8,98,6,0.7,1.2,0.3,0.1,0.2,0.5,4.9,0.8,2.7,1.3,1.3,2022-08-28
"Isaiah Jackson","Indiana Pacers","Rookie",13.5,97.4,6,0.4,2.1,1.3,1.1,0.5,0.8,4.4,1.8,0.3,3.1,2,2022-08-28
"Duane Washington Jr.","Phoenix Suns","Rookie",13.6,96.8,6,0.9,1,0.1,0.1,0.4,0.8,5.2,1,2.7,1.3,1.1,2022-08-28
"Nic Claxton","Brooklyn Nets","Vet",16,96.3,5.9,0.7,2.9,1.5,1,0.5,0.7,3.8,1.9,-0.1,3,1.8,2022-08-28
"Isaac Okoro","Cleveland Cavaliers","Sophomore",25.5,94.1,5.9,1.2,1.7,1,0.3,0.7,0.8,4.6,2.2,1.2,2.6,2.5,2022-08-28
"Robert Williams III","Boston Celtics","Vet",19.3,95,5.8,1,3.4,2.3,1.6,0.6,0.7,3.7,1.2,-0.1,3.4,1.8,2022-08-28
"Lonzo Ball","Chicago Bulls","Vet",16,96.4,5.8,2.3,1.9,0.4,0.3,0.8,1.1,5.1,0.8,3.1,1,1.3,2022-08-28
"T.J. Warren","Brooklyn Nets","Vet",13.6,96.3,5.8,0.7,1.5,0.5,0.2,0.5,0.6,5.2,0.9,1.4,1.4,1.5,2022-08-28
"Ziaire Williams","Memphis Grizzlies","Rookie",15.6,98.1,5.8,0.6,1.3,0.4,0.1,0.5,0.6,4.7,0.9,2.7,1.1,1.4,2022-08-28
"Isaiah Roby","San Antonio Spurs","Vet",14.4,95.6,5.8,1,2.1,1,0.5,0.5,0.9,4.8,1.7,1.6,1.8,1.7,2022-08-28
"Gabe Vincent","Miami Heat","Vet",17.5,94.8,5.8,2.2,1.2,0.2,0.1,0.7,1.1,5.2,0.9,3,0.9,1.9,2022-08-28
"Jeff Green","Denver Nuggets","Vet",18.3,95.7,5.8,0.8,1.8,0.6,0.3,0.4,0.6,4.1,1.7,1.1,1.8,1.6,2022-08-28
"Garrison Mathews","Houston Rockets","Vet",18.8,96.9,5.6,0.7,1.6,0.4,0.3,0.6,0.6,4.2,1.8,3.4,0.6,1.9,2022-08-28
"Shaedon Sharpe","Portland Trail Blazers",NA,14.8,95.5,5.6,1.2,1.6,0.6,0.2,0.5,1,4.9,1.4,1.9,1.6,1.3,2022-08-28
"R.J. Hampton","Orlando Magic","Sophomore",16.7,96.3,5.6,1.6,1.8,0.4,0.2,0.5,1,5,1.4,1.8,1.3,1.3,2022-08-28
"Isaiah Hartenstein","New York Knicks","Vet",14.1,95.2,5.5,1.7,2.4,1.4,0.8,0.5,1,3.7,1.5,0.7,2,2.1,2022-08-28
"Jaylen Nowell","Minnesota Timberwolves","Vet",11.4,98,5.5,1.2,1.1,0.2,0.1,0.3,0.6,4.5,1.1,1.9,1.2,1,2022-08-28
"Frank Jackson","Detroit Pistons","Vet",12.7,96.9,5.5,0.6,0.8,0.3,0.1,0.3,0.5,4.7,1.2,2.3,1.2,1.1,2022-08-28
"Mitchell Robinson","New York Knicks","Vet",18.9,94.3,5.4,0.5,3,2.2,1.5,0.7,0.8,3.5,2,-0.1,3.3,2.2,2022-08-28
"Kelly Olynyk","Detroit Pistons","Vet",13,96.5,5.4,1.6,2.2,0.9,0.3,0.5,1,4,1.5,1.7,1.5,1.8,2022-08-28
"Ricky Rubio","Cleveland Cavaliers","Vet",14.9,97.2,5.4,2.7,1.7,0.3,0.1,0.8,1,5.2,1.4,2.2,1.2,1.4,2022-08-28
"Jose Alvarado","New Orleans Pelicans","Rookie",14.5,94.4,5.4,2.1,1.2,0.4,0.1,0.9,0.8,4.5,1.1,1.6,1.5,1.4,2022-08-28
"Patty Mills","Brooklyn Nets","Vet",18,96,5.4,1.1,1.1,0.2,0.1,0.4,0.5,4.8,0.5,3.7,0.3,1.2,2022-08-28
"Cameron Payne","Phoenix Suns","Vet",13.3,95.7,5.4,2.7,1.4,0.3,0.2,0.5,1,5.1,0.8,1.9,1.3,1.5,2022-08-28
"JaVale McGee","Dallas Mavericks","Vet",12.2,94.8,5.4,0.5,2.9,1.6,0.8,0.3,0.9,4,1.4,0,2.4,2.1,2022-08-28
"James Wiseman","Golden State Warriors","Sophomore",12.4,97,5.4,0.6,2.2,0.8,0.4,0.3,0.8,4.7,1.2,0.9,1.8,1.6,2022-08-28
"Patrick Williams","Chicago Bulls","Sophomore",15.4,95.2,5.4,0.6,1.9,0.6,0.3,0.4,0.7,4.4,1.3,1.3,1.3,1.2,2022-08-28
"Donte DiVincenzo","Golden State Warriors","Vet",14.9,95.9,5.3,1.5,1.9,0.5,0.1,0.6,1,4.5,1.2,2.8,0.9,1.2,2022-08-28
"Duncan Robinson","Miami Heat","Vet",13.8,94.3,5.3,0.7,1.2,0.2,0.1,0.3,0.5,4.4,0.6,3.7,0.5,1.6,2022-08-28
"Pat Connaughton","Milwaukee Bucks","Vet",17,96.7,5.3,0.8,2.2,0.5,0.2,0.5,0.4,4.5,0.7,3.2,1,1.1,2022-08-28
"Hassan Whiteside","Utah Jazz","Vet",13.9,94.2,5.2,0.3,3.6,1.9,1.2,0.3,0.8,3.4,1.8,-0.1,2.2,2.2,2022-08-28
"Maxi Kleber","Dallas Mavericks","Vet",19.7,93,5.2,0.9,3.3,0.9,0.7,0.4,0.6,4.3,0.9,2.8,1.1,2,2022-08-28
"Justin Holiday","Atlanta Hawks","Vet",17.3,95.4,5.2,0.9,1.3,0.3,0.3,0.6,0.6,4.8,0.7,3.3,0.8,1.5,2022-08-28
"Jarred Vanderbilt","Utah Jazz","Vet",20.6,95.8,5.1,0.8,4.2,2.2,0.5,1,0.9,4,1.7,-0.1,3,2.2,2022-08-28
"Kenrich Williams","Oklahoma City Thunder","Vet",16.5,94.9,5.1,1.5,2.1,1,0.2,0.6,0.8,4.7,1,1.7,1.4,1.6,2022-08-28
"Onyeka Okongwu","Atlanta Hawks","Sophomore",17,95,5.1,0.7,2.9,1.9,0.8,0.6,0.8,3.1,1.7,-0.1,2.5,2.5,2022-08-28
"Austin Reaves","Los Angeles Lakers","Rookie",15.3,97.7,5.1,1.3,1.6,0.6,0.2,0.4,0.6,3.6,1.7,1.5,1.2,1.1,2022-08-28
"Chuma Okeke","Orlando Magic","Sophomore",15.8,96.4,5.1,0.9,2.6,0.4,0.4,0.8,0.5,4.6,0.6,3.3,0.7,1,2022-08-28
"Trendon Watford","Portland Trail Blazers","Rookie",12,96.2,5.1,1,1.8,0.8,0.3,0.4,0.7,3.7,1.3,0.5,1.6,1.6,2022-08-28
"LaMarcus Aldridge","Brooklyn Nets","Vet",10.8,96,5.1,0.4,1.7,0.7,0.5,0.2,0.5,4.1,1.1,0.3,1.1,1.1,2022-08-28
"Killian Hayes","Detroit Pistons","Sophomore",16.5,95.9,5.1,2.5,1.7,0.4,0.3,0.8,1.2,5,1,1.5,1.2,1.9,2022-08-28
"Theo Maledon","Oklahoma City Thunder","Sophomore",12.2,95.1,5.1,1.6,1.4,0.3,0.2,0.4,1,4.3,1.5,1.8,0.9,1.1,2022-08-28
"Jeremy Lamb","Sacramento Kings","Vet",12.8,95.2,5,0.9,1.6,0.4,0.3,0.5,0.5,4,1.3,1.8,0.6,1,2022-08-28
"Royce O'Neale","Brooklyn Nets","Vet",23.8,94.6,5,1.5,3,0.8,0.2,0.7,0.8,4.7,0.7,3.1,1.1,2.1,2022-08-28
"Ty Jerome","Oklahoma City Thunder","Vet",12.8,95.7,5,1.9,1,0.3,0.1,0.4,0.7,4.3,0.8,2.6,0.6,1.3,2022-08-28
"Richaun Holmes","Sacramento Kings","Vet",13.8,97,4.9,0.5,2.5,1.2,0.6,0.3,0.7,3.4,1.3,-0.1,1.9,1.9,2022-08-28
"Dyson Daniels","New Orleans Pelicans",NA,13.1,95.5,4.9,1.1,1.4,0.5,0.2,0.4,0.9,4.3,1.2,1.7,1.4,1.2,2022-08-28
"Taurean Prince","Minnesota Timberwolves","Vet",11.7,98.3,4.8,0.6,1.4,0.3,0.2,0.4,0.6,3.9,0.9,2.1,0.9,1.2,2022-08-28
"Cedi Osman","Cleveland Cavaliers","Vet",12.1,94.1,4.8,1,1.1,0.3,0.1,0.4,0.6,4,1.1,2.4,1.2,1.2,2022-08-28
"Dwight Powell","Dallas Mavericks","Vet",15.1,92.8,4.7,0.6,2,1.4,0.4,0.4,0.6,3,1.9,0,2.5,2.3,2022-08-28
"P.J. Tucker","Philadelphia 76ers","Vet",20.1,94.4,4.7,1.2,2.7,1.2,0.2,0.6,0.7,4.2,0.8,1.5,1.2,2,2022-08-28
"Cam Reddish","New York Knicks","Vet",11.7,95.9,4.7,0.6,1,0.3,0.2,0.5,0.6,3.7,1.2,1.6,1.1,1,2022-08-28
"Aaron Wiggins","Oklahoma City Thunder","Rookie",14,96.6,4.7,0.8,1.3,0.6,0.1,0.4,0.8,3.9,1.2,1.3,1.4,1.3,2022-08-28
"Steven Adams","Memphis Grizzlies","Vet",20.4,96.5,4.6,2.4,4.3,2.7,0.6,0.7,1.1,3.4,2.1,-0.1,2.7,1.9,2022-08-28
"Gary Harris","Orlando Magic","Vet",13.6,97.4,4.6,0.8,0.9,0.3,0.1,0.5,0.5,4.1,0.9,2.4,0.7,1.1,2022-08-28
"Bryn Forbes","Minnesota Timberwolves","Vet",12.5,95.5,4.6,0.7,0.8,0.1,0,0.3,0.5,3.8,0.7,2.5,0.3,1.1,2022-08-28
"Shake Milton","Philadelphia 76ers","Vet",12.8,95,4.6,1.2,1.1,0.3,0.2,0.4,0.6,3.6,0.9,1.2,1,1.3,2022-08-28
"Caleb Martin","Miami Heat","Vet",12.4,94.9,4.5,0.5,1.4,0.6,0.2,0.5,0.6,3.9,0.9,1.5,1.5,1.1,2022-08-28
"Trey Murphy III","New Orleans Pelicans","Rookie",13.1,94.3,4.5,0.5,1.5,0.6,0.1,0.4,0.3,3.6,0.8,2.4,0.9,1,2022-08-28
"Kendrick Nunn","Los Angeles Lakers","Vet",11.1,96.3,4.5,1,1,0.2,0.1,0.3,0.5,3.9,0.6,1.6,1,0.9,2022-08-28
"Chimezie Metu","Sacramento Kings","Vet",11.8,96.5,4.5,0.5,2.4,0.4,0.3,0.4,0.6,3.6,0.9,1.2,1,1,2022-08-28
"Stanley Johnson","Los Angeles Lakers","Vet",16.5,96.3,4.5,1,1.9,0.6,0.2,0.7,0.7,3.6,1.2,1.3,1.3,1.6,2022-08-28
"Cam Thomas","Brooklyn Nets","Rookie",10,95.8,4.5,0.6,1.1,0.2,0.1,0.3,0.5,3.9,1,1.1,0.6,0.8,2022-08-28
"Goran Dragic","Chicago Bulls","Vet",13.9,95.7,4.5,1.9,1.4,0.5,0.1,0.4,0.9,3.9,0.8,1.5,0.8,1.5,2022-08-28
"Johnny Davis","Washington Wizards",NA,12.1,95.4,4.5,1.2,1.2,0.4,0.2,0.4,0.8,4,1,1.6,1.2,1.1,2022-08-28
"Joe Harris","Brooklyn Nets","Vet",13.8,97.1,4.4,0.6,1.4,0.3,0.1,0.3,0.5,3.7,0.5,2.3,0.8,1.2,2022-08-28
"Georges Niang","Philadelphia 76ers","Vet",13.8,94.5,4.4,0.7,1.3,0.3,0.1,0.3,0.5,3.7,0.4,2.8,0.5,1.6,2022-08-28
"Amir Coffey","Los Angeles Clippers","Vet",11.7,95.4,4.4,0.8,1.1,0.2,0.1,0.3,0.5,3.5,1.1,1.8,0.9,0.8,2022-08-28
"Justise Winslow","Portland Trail Blazers","Vet",11.5,96,4.3,1,2,0.6,0.3,0.4,0.7,3.7,1.1,1,1.5,1.2,2022-08-28
"Nickeil Alexander-Walker","Utah Jazz","Vet",10.1,95.3,4.3,1,1,0.2,0.2,0.3,0.7,3.5,0.9,1.8,1,0.9,2022-08-28
"Kevon Looney","Golden State Warriors","Vet",16.9,95.7,4.2,1.6,3.5,2,0.4,0.5,0.8,3.2,1.1,-0.1,2.2,2.2,2022-08-28
"Larry Nance Jr.","New Orleans Pelicans","Vet",13.9,94.1,4.2,0.9,2.2,1.2,0.3,0.6,0.6,3.5,1,0.6,1.9,1.5,2022-08-28
"Kyle Anderson","Minnesota Timberwolves","Vet",14.2,95.7,4.2,1.4,2.6,0.7,0.4,0.7,0.7,3.6,0.9,0.7,1.2,1.2,2022-08-28
"Ochai Agbaji","Cleveland Cavaliers",NA,11.4,95.6,4.2,1,1.2,0.3,0.1,0.4,0.7,3.7,1,1.5,1.1,1,2022-08-28
"Jalen Williams","Oklahoma City Thunder",NA,11.4,95.4,4.2,0.9,1.2,0.4,0.2,0.4,0.7,3.7,1,1.5,1.1,1.1,2022-08-28
"Dario Saric","Phoenix Suns","Vet",10.2,97.1,4.1,0.6,1.6,0.7,0.1,0.3,0.5,3.2,1,1.1,1,1.3,2022-08-28
"Willy Hernangomez","New Orleans Pelicans","Vet",8.9,96.1,4.1,0.5,1.9,1.1,0.2,0.2,0.6,3,1.6,0,2,1.1,2022-08-28
"Landry Shamet","Phoenix Suns","Vet",12.4,95.5,4.1,0.7,0.9,0.2,0.1,0.3,0.4,3.7,0.7,2.1,0.5,0.9,2022-08-28
"Joshua Primo","San Antonio Spurs","Rookie",14.5,96.2,4.1,1,1.2,0.4,0.3,0.3,0.8,3.7,1,1.4,1,1.3,2022-08-28
"Otto Porter Jr.","Toronto Raptors","Vet",14.2,94.9,4,0.9,2.3,0.8,0.3,0.6,0.5,3.4,0.5,1.7,0.6,1.1,2022-08-28
"Jonathan Isaac","Orlando Magic","Vet",11,96.6,4,0.6,1.7,0.8,0.5,0.4,0.5,3.3,0.9,1,1.2,1.1,2022-08-28
"Nicolas Batum","Los Angeles Clippers","Vet",15.4,95.1,4,1,2.3,0.4,0.4,0.6,0.4,3.6,0.5,2.3,0.5,1.1,2022-08-28
"Payton Pritchard","Boston Celtics","Sophomore",10.1,94.5,4,1.2,1,0.3,0.1,0.3,0.4,3.3,0.4,2.1,0.5,0.8,2022-08-28
"Cody Martin","Charlotte Hornets","Vet",17.1,95.3,4,1.3,1.9,0.8,0.2,0.8,0.6,3.2,1.1,1,1.6,1.3,2022-08-28
"Raul Neto","Cleveland Cavaliers","Vet",11.8,95.6,4,1.7,1,0.2,0.1,0.5,0.7,3.3,1,0.8,1,1.1,2022-08-28
"Rudy Gay","Utah Jazz","Vet",10.4,95,4,0.5,1.8,0.5,0.2,0.3,0.5,3.5,0.8,1.6,0.6,1.1,2022-08-28
"Aaron Holiday","Atlanta Hawks","Vet",9.8,95.4,3.9,1.6,0.9,0.3,0.1,0.4,0.6,3.4,0.8,1.3,0.7,1,2022-08-28
"Terry Taylor","Indiana Pacers","Rookie",10.7,96.2,3.9,0.5,1,1.1,0.1,0.3,0.4,2.8,0.8,0.5,1.5,1,2022-08-28
"Lamar Stevens","Cleveland Cavaliers","Sophomore",10.4,94.5,3.9,0.4,1.2,0.5,0.2,0.3,0.5,3.1,1,0.4,1.4,1.3,2022-08-28
"Keon Johnson","Portland Trail Blazers","Rookie",10.2,94.3,3.9,1.1,0.8,0.3,0.2,0.4,0.7,3.6,0.8,1.5,1.1,1,2022-08-28
"Terrence Ross","Orlando Magic","Vet",9.8,96.9,3.9,0.7,1,0.1,0.1,0.3,0.5,3.4,0.8,1.6,0.5,0.7,2022-08-28
"Danny Green","Memphis Grizzlies","Vet",14.7,96,3.8,0.6,1.4,0.4,0.3,0.7,0.5,3.8,0.3,2.9,0.4,1.3,2022-08-28
"Alex Caruso","Chicago Bulls","Vet",18.2,94.7,3.8,2.4,1.7,0.5,0.3,1,0.9,3.5,1,1.8,1,1.8,2022-08-28
"Dwight Howard","Los Angeles Lakers","Vet",10.2,96.3,3.7,0.4,2.5,1.3,0.4,0.3,0.7,2.3,1.6,0.1,1.6,1.5,2022-08-28
"Cory Joseph","Detroit Pistons","Vet",13.2,94.5,3.7,1.6,1.2,0.3,0.1,0.4,0.6,3.1,0.9,1.3,0.8,1.4,2022-08-28
"Jeremy Sochan","San Antonio Spurs",NA,10.3,95.3,3.7,0.5,1.4,0.7,0.3,0.3,0.6,3.2,0.9,1,1.2,1.2,2022-08-28
"Damian Jones","Los Angeles Lakers","Vet",9.6,95.5,3.6,0.6,1.5,0.7,0.5,0.3,0.5,2.5,1.2,0.3,1.4,1.2,2022-08-28
"Tre Jones","San Antonio Spurs","Sophomore",10.9,96.2,3.6,2,1,0.3,0.1,0.4,0.6,3,1,0.6,1,0.9,2022-08-28
"CJ Elleby","Minnesota Timberwolves","Sophomore",12.9,95.1,3.6,0.8,1.6,0.7,0.2,0.4,0.6,3,1,1.2,1.1,1.3,2022-08-28
"Gary Payton II","Portland Trail Blazers","Vet",10.5,95.8,3.5,0.7,1.3,0.6,0.2,0.7,0.4,2.5,0.7,0.7,1.1,1.3,2022-08-28
"Javonte Green","Chicago Bulls","Vet",13.1,95.6,3.5,0.4,1.5,0.8,0.2,0.6,0.4,2.6,0.9,0.6,1.5,1.3,2022-08-28
"Naji Marshall","New Orleans Pelicans","Sophomore",9.6,95.1,3.5,0.7,1.3,0.4,0.1,0.3,0.6,2.8,1.1,0.7,1.2,1,2022-08-28
"Dewayne Dedmon","Miami Heat","Vet",10,94.9,3.4,0.4,2.3,1,0.4,0.3,0.6,2.9,0.9,0.5,1.4,2.1,2022-08-28
"Eric Paschall","Minnesota Timberwolves","Vet",8.1,95.6,3.4,0.4,0.9,0.4,0.1,0.2,0.4,2.5,0.9,0.9,1.1,0.7,2022-08-28
"Ish Smith","Denver Nuggets","Vet",10.4,95,3.4,2,1.1,0.2,0.2,0.4,0.7,3.5,0.4,0.5,0.7,0.9,2022-08-28
"Delon Wright","Washington Wizards","Vet",14.9,94.9,3.3,1.5,1.6,0.6,0.2,0.8,0.6,2.9,0.8,1.1,1,0.8,2022-08-28
"Davis Bertans","Dallas Mavericks","Vet",9.6,95,3.3,0.4,1.2,0.2,0.1,0.2,0.3,2.8,0.5,2.2,0.4,1.1,2022-08-28
"Mason Plumlee","Charlotte Hornets","Vet",14.5,96.5,3.3,1.7,3,1.5,0.4,0.5,0.9,2.3,1.6,-0.1,2,2.1,2022-08-28
"Lindy Waters III","Oklahoma City Thunder","Rookie",8.6,96.2,3.3,0.5,1.1,0.2,0.1,0.3,0.3,2.9,0.4,2.4,0.3,0.7,2022-08-28
"Thaddeus Young","Toronto Raptors","Vet",10.9,94.6,3.3,1,1.6,0.9,0.2,0.6,0.6,2.8,0.6,0.8,1.2,1.2,2022-08-28
"Danuel House Jr.","Philadelphia 76ers","Vet",11.7,95.2,3.3,0.5,1.3,0.3,0.2,0.3,0.5,2.8,0.9,1.5,0.8,1,2022-08-28
"Zach Collins","San Antonio Spurs","Vet",9.2,96.7,3.3,0.8,1.7,0.8,0.4,0.2,0.7,2.5,1.1,0.5,1,1.3,2022-08-28
"Daniel Theis","Indiana Pacers","Vet",9.5,95.5,3.3,0.5,1.6,0.7,0.3,0.2,0.5,2.5,0.7,0.5,1.1,1.4,2022-08-28
"Blake Griffin","Brooklyn Nets","Vet",8.7,96.3,3.3,0.9,1.4,0.5,0.1,0.2,0.4,2.5,0.8,1.2,1,1.1,2022-08-28
"Wesley Matthews","Milwaukee Bucks","Vet",17,97.2,3.3,0.7,1.2,0.5,0.2,0.5,0.4,3.1,0.6,2.1,0.8,1.4,2022-08-28
"JaMychal Green","Golden State Warriors","Vet",10.9,95.1,3.3,0.5,1.8,0.9,0.2,0.3,0.5,2.6,0.8,0.7,1.3,1.7,2022-08-28
"Brandon Boston","Los Angeles Clippers","Rookie",7.7,95.4,3.3,0.5,0.8,0.2,0.1,0.2,0.4,2.9,0.8,0.8,1,0.6,2022-08-28
"Frank Kaminsky","Atlanta Hawks","Vet",8.4,97.5,3.2,0.6,1.4,0.5,0.2,0.2,0.3,2.5,0.7,0.7,0.8,0.9,2022-08-28
"Trey Burke","Houston Rockets","Vet",7.1,95.9,3.2,0.8,0.5,0.1,0,0.2,0.4,2.9,0.4,1.3,0.5,0.7,2022-08-28
"Kira Lewis Jr.","New Orleans Pelicans","Sophomore",8.2,96.8,3.2,1,0.6,0.2,0.1,0.3,0.4,2.8,0.6,1.1,1,0.7,2022-08-28
"Omer Yurtseven","Miami Heat","Sophomore",7.6,95.2,3.1,0.4,1.9,0.8,0.2,0.2,0.4,2.5,0.7,0.2,1.3,1,2022-08-28
"Saben Lee","Detroit Pistons","Sophomore",9.3,95.9,3,1.7,0.9,0.3,0.1,0.4,0.7,2.2,1.1,0.6,1.1,0.8,2022-08-28
"Josh Jackson","Sacramento Kings","Vet",7.6,95.2,3,0.4,1,0.2,0.2,0.2,0.5,2.6,1,0.9,0.8,0.9,2022-08-28
"Jeremiah Robinson-Earl","Oklahoma City Thunder","Rookie",8.1,95.6,3,0.4,1.4,0.5,0.1,0.2,0.4,2.4,0.7,1.3,0.7,0.7,2022-08-28
"Lou Williams","Atlanta Hawks","Vet",7.6,96.2,3,1,0.6,0.2,0,0.3,0.5,2.5,0.7,0.7,0.4,0.5,2022-08-28
"Derrick Jones Jr.","Chicago Bulls","Vet",10.7,96.2,2.9,0.4,1.2,0.6,0.3,0.3,0.4,2.2,0.8,0.8,1.2,1.3,2022-08-28
"T.J. McConnell","Indiana Pacers","Vet",9.3,96.3,2.9,1.7,0.9,0.3,0.1,0.5,0.6,2.7,0.4,0.6,0.9,0.8,2022-08-28
"Khem Birch","Toronto Raptors","Vet",12.7,93.9,2.9,0.5,1.6,1.2,0.4,0.4,0.5,2.5,0.9,0.2,1,1.6,2022-08-28
"Austin Rivers","Minnesota Timberwolves","Vet",13.1,95.2,2.9,0.7,0.8,0.2,0.1,0.5,0.5,2.5,0.5,1.5,0.6,1.3,2022-08-28
"Joe Ingles","Milwaukee Bucks","Vet",10.8,95.1,2.8,1.3,1.1,0.2,0.1,0.3,0.5,2.7,0.5,1.9,0.4,0.9,2022-08-28
"Isaiah Thomas","Charlotte Hornets","Vet",5.9,95.4,2.8,0.8,0.4,0.1,0.1,0.1,0.4,2.6,0.5,1.3,0.5,0.7,2022-08-28
"Furkan Korkmaz","Philadelphia 76ers","Vet",8,95.8,2.7,0.5,0.8,0.2,0.1,0.2,0.3,2.4,0.6,1.2,0.6,0.5,2022-08-28
"Jalen McDaniels","Charlotte Hornets","Vet",7.7,95.6,2.7,0.4,1,0.3,0.2,0.2,0.4,2,0.6,0.8,0.7,0.9,2022-08-28
"David Nwaba","Houston Rockets","Vet",7.9,96.8,2.6,0.4,1.2,0.5,0.2,0.3,0.3,1.9,0.8,0.6,1,0.9,2022-08-28
"Jordan McLaughlin","Minnesota Timberwolves","Vet",10.3,98,2.6,1.7,0.9,0.3,0.1,0.6,0.5,2,0.5,0.9,0.8,0.8,2022-08-28
"Tristan Thompson","Chicago Bulls","Vet",9.3,94.8,2.6,0.4,1.6,1.1,0.2,0.2,0.5,2.1,1.1,-0.1,1.3,1.1,2022-08-28
"Quentin Grimes","New York Knicks","Rookie",7.9,94.3,2.6,0.4,0.7,0.2,0.1,0.3,0.3,2.1,0.4,1.6,0.3,0.8,2022-08-28
"Serge Ibaka","Milwaukee Bucks","Vet",7,97.3,2.6,0.3,1.5,0.5,0.3,0.1,0.4,2.3,0.4,0.7,0.6,1,2022-08-28
"Day'Ron Sharpe","Brooklyn Nets","Rookie",6.1,95.7,2.6,0.3,1.1,0.7,0.2,0.2,0.4,1.9,0.6,0.1,1.4,1,2022-08-28
"Ousmane Dieng","Oklahoma City Thunder",NA,7.4,95.3,2.6,0.3,1.1,0.5,0.3,0.2,0.4,2.2,0.7,0.6,0.9,0.9,2022-08-28
"Matisse Thybulle","Philadelphia 76ers","Vet",12.9,94.5,2.5,0.5,0.9,0.4,0.5,0.8,0.4,2.1,0.5,0.8,1.1,1.5,2022-08-28
"Dean Wade","Cleveland Cavaliers","Vet",9.6,94.9,2.5,0.4,1.2,0.3,0.1,0.3,0.2,2.1,0.5,1.3,0.6,0.9,2022-08-28
"Greg Brown III","Portland Trail Blazers","Rookie",8.2,95.1,2.5,0.5,1.1,0.4,0.3,0.3,0.5,2,0.7,0.7,1,1.1,2022-08-28
"Tari Eason","Houston Rockets",NA,7.2,95.1,2.5,0.4,0.9,0.4,0.2,0.2,0.4,2.2,0.6,0.8,0.8,0.8,2022-08-28
"Vit Krejci","Oklahoma City Thunder","Rookie",9.4,95.1,2.5,0.7,1,0.3,0.1,0.3,0.5,2.2,0.4,1.1,0.5,0.9,2022-08-28
"Thomas Bryant","Los Angeles Lakers","Vet",6.2,95.5,2.4,0.3,1.1,0.4,0.3,0.1,0.3,1.8,0.5,0.4,0.8,0.7,2022-08-28
"Edmond Sumner","Brooklyn Nets","Vet",6.1,97.6,2.4,0.3,0.5,0.2,0.1,0.2,0.3,1.7,0.6,0.5,0.9,0.7,2022-08-28
"Mark Williams","Charlotte Hornets",NA,6.9,95.2,2.4,0.2,1.1,0.6,0.3,0.2,0.4,2,0.7,0.5,0.9,1,2022-08-28
"Torrey Craig","Phoenix Suns","Vet",8.4,95.5,2.4,0.4,1.2,0.4,0.2,0.2,0.4,2.3,0.3,1.2,0.6,1,2022-08-28
"Jordan Nwora","Milwaukee Bucks","Sophomore",6,97.6,2.4,0.3,0.9,0.2,0.1,0.1,0.3,2.2,0.4,0.9,0.5,0.5,2022-08-28
"Jock Landale","Phoenix Suns","Rookie",6.3,95.2,2.3,0.3,0.9,0.6,0.2,0.1,0.3,1.8,0.5,0.8,0.7,0.7,2022-08-28
"Isaiah Livers","Detroit Pistons","Rookie",8.1,94.9,2.3,0.4,0.9,0.3,0.1,0.3,0.3,1.8,0.4,1.1,0.3,0.8,2022-08-28
"Marquese Chriss","Houston Rockets","Vet",6.3,96,2.3,0.3,1.1,0.6,0.2,0.2,0.4,1.8,0.7,0.3,1.1,1.1,2022-08-28
"Xavier Tillman Sr.","Memphis Grizzlies","Sophomore",7.3,96.9,2.2,0.4,1,0.7,0.2,0.4,0.4,1.8,0.6,0.2,1,0.8,2022-08-28
"Damion Lee","Phoenix Suns","Vet",7.2,95.1,2.2,0.3,1,0.2,0,0.2,0.3,2,0.4,0.8,0.4,0.6,2022-08-28
"Robin Lopez","Cleveland Cavaliers","Vet",6.6,96.1,2.2,0.4,0.7,0.5,0.2,0.1,0.4,1.6,0.6,0,0.6,0.8,2022-08-28
"Moses Brown","Los Angeles Clippers","Vet",5.7,95.5,2.2,0.1,1.4,0.7,0.3,0.2,0.3,1.6,0.8,0,1.1,0.8,2022-08-28
"Alex Len","Sacramento Kings","Vet",6.5,96,2.2,0.4,1.1,0.6,0.3,0.2,0.4,1.7,0.7,0.2,0.9,1.1,2022-08-28
"Bismack Biyombo","Phoenix Suns","Vet",7.5,94.6,2.2,0.3,1.3,0.8,0.4,0.1,0.4,1.7,0.8,-0.1,1,1.1,2022-08-28
"Malachi Flynn","Toronto Raptors","Sophomore",7.2,95.4,2.2,0.9,0.6,0.1,0,0.3,0.3,2.1,0.4,0.9,0.4,0.7,2022-08-28
"Zeke Nnaji","Denver Nuggets","Sophomore",7,95.9,2.2,0.2,0.9,0.5,0.1,0.2,0.3,1.7,0.6,0.7,0.7,0.9,2022-08-28
"Jake LaRavia","Memphis Grizzlies",NA,6.4,95.2,2.2,0.3,0.9,0.4,0.1,0.2,0.4,2,0.5,0.7,0.7,0.7,2022-08-28
"David Roddy","Memphis Grizzlies",NA,6.4,95.2,2.2,0.5,0.7,0.3,0.1,0.2,0.4,2,0.5,0.8,0.6,0.7,2022-08-28
"Christian Braun","Denver Nuggets",NA,6.2,95.3,2.2,0.5,0.7,0.2,0.1,0.2,0.4,2,0.5,0.8,0.6,0.6,2022-08-28
"AJ Griffin","Atlanta Hawks",NA,6.2,95.2,2.2,0.4,0.7,0.2,0.1,0.2,0.4,2,0.5,0.8,0.7,0.6,2022-08-28
"Brandon Goodwin","Cleveland Cavaliers","Vet",6.8,94,2.2,1.1,0.6,0.2,0,0.2,0.4,1.9,0.5,0.6,0.6,0.6,2022-08-28
"Markieff Morris","Miami Heat","Vet",6,95.2,2.2,0.3,0.8,0.3,0.1,0.1,0.3,2,0.3,0.7,0.3,0.8,2022-08-28
"Jalen Duren","Detroit Pistons",NA,6.4,95.1,2.2,0.2,1,0.5,0.3,0.2,0.4,1.9,0.6,0.4,0.8,0.9,2022-08-28
"Moses Moody","Golden State Warriors","Rookie",5.9,95.3,2.1,0.2,0.5,0.2,0.1,0.1,0.2,1.7,0.4,0.8,0.5,0.5,2022-08-28
"Derrick Favors","Oklahoma City Thunder","Vet",7,96.2,2.1,0.3,1.3,0.7,0.3,0.2,0.2,1.6,0.4,0.1,0.7,0.9,2022-08-28
"Boban Marjanovic","Houston Rockets","Vet",4.6,95.4,2.1,0.2,1,0.4,0.1,0.1,0.3,1.8,0.5,0.2,0.8,0.8,2022-08-28
"Jared Butler","Utah Jazz","Rookie",5.4,95.6,2.1,0.8,0.6,0.1,0.1,0.2,0.4,2,0.3,1,0.3,0.6,2022-08-28
"Dalen Terry","Chicago Bulls",NA,6.1,95.3,2.1,0.4,0.7,0.3,0.1,0.2,0.4,1.9,0.5,0.7,0.7,0.7,2022-08-28
"MarJon Beauchamp","Milwaukee Bucks",NA,6.1,95.1,2.1,0.5,0.7,0.2,0.1,0.2,0.4,1.9,0.5,0.8,0.6,0.6,2022-08-28
"James Bouknight","Charlotte Hornets","Rookie",5.2,96.8,2.1,0.5,0.5,0.3,0.1,0.2,0.3,2,0.6,0.6,0.8,0.5,2022-08-28
"D.J. Augustin","Los Angeles Lakers","Vet",8,95.5,2.1,0.9,0.5,0.1,0,0.2,0.4,1.7,0.4,1.3,0.3,0.6,2022-08-28
"Tony Bradley","Chicago Bulls","Vet",6.1,96.9,2,0.3,1.2,0.6,0.3,0.1,0.4,1.6,0.5,0,0.9,0.8,2022-08-28
"Juancho Hernangomez","Toronto Raptors","Vet",6.4,95.4,2,0.3,1,0.3,0.1,0.2,0.3,1.7,0.5,1,0.5,0.6,2022-08-28
"Rodney McGruder","Detroit Pistons","Vet",6.6,96.8,2,0.4,0.7,0.2,0.1,0.2,0.2,1.8,0.3,1.3,0.4,0.6,2022-08-28
"Timothe Luwawu-Cabarrot","Atlanta Hawks","Vet",6.7,97.6,2,0.3,0.7,0.2,0.1,0.2,0.3,1.6,0.5,0.9,0.5,0.9,2022-08-28
"Andrew Nembhard","Indiana Pacers",NA,5.8,95.2,2,0.5,0.6,0.2,0.1,0.2,0.3,1.8,0.4,0.8,0.5,0.6,2022-08-28
"Kessler Edwards","Brooklyn Nets","Rookie",7.3,97,2,0.2,0.9,0.3,0.2,0.2,0.3,1.9,0.3,0.9,0.5,0.8,2022-08-28
"George Hill","Milwaukee Bucks","Vet",10.8,96.3,1.9,0.8,0.9,0.3,0.1,0.4,0.4,1.7,0.6,0.7,0.6,0.9,2022-08-28
"Malaki Branham","San Antonio Spurs",NA,5.4,95.2,1.9,0.4,0.6,0.2,0.1,0.2,0.3,1.7,0.4,0.7,0.5,0.5,2022-08-28
"John Konchar","Memphis Grizzlies","Vet",7.4,96.4,1.8,0.6,1.3,0.5,0.1,0.3,0.3,1.5,0.4,0.6,0.6,0.7,2022-08-28
"Troy Brown Jr.","Los Angeles Lakers","Vet",6.5,96.1,1.8,0.4,1,0.2,0.1,0.2,0.2,1.8,0.3,0.9,0.5,0.5,2022-08-28
"Greg Monroe","Minnesota Timberwolves","Vet",4.5,95.6,1.8,0.4,0.8,0.5,0.1,0.2,0.3,1.4,0.5,0,0.7,0.7,2022-08-28
"Wenyen Gabriel","Los Angeles Lakers","Vet",5,95.9,1.8,0.2,0.7,0.5,0.2,0.1,0.3,1.3,0.5,0.2,0.8,0.8,2022-08-28
"Avery Bradley","Los Angeles Lakers","Vet",7.5,96.6,1.8,0.3,0.5,0.2,0.1,0.3,0.3,1.7,0.2,1,0.3,0.8,2022-08-28
"Wendell Moore Jr.","Minnesota Timberwolves",NA,5.2,95.2,1.8,0.4,0.5,0.2,0.1,0.2,0.3,1.6,0.4,0.7,0.5,0.5,2022-08-28
"Walker Kessler","Utah Jazz",NA,5.3,95.3,1.8,0.1,0.9,0.5,0.3,0.1,0.3,1.4,0.5,0.3,0.7,0.9,2022-08-28
"Josh Green","Dallas Mavericks","Sophomore",6.2,95.5,1.7,0.4,0.6,0.3,0.1,0.3,0.3,1.5,0.3,0.6,0.5,0.7,2022-08-28
"Keita Bates-Diop","San Antonio Spurs","Vet",5.4,97.3,1.7,0.2,0.9,0.4,0.1,0.2,0.2,1.4,0.4,0.2,0.8,0.4,2022-08-28
"Trent Forrest","Atlanta Hawks","Sophomore",5.8,95.2,1.7,0.8,0.5,0.2,0.1,0.2,0.4,1.3,0.4,0.3,0.5,0.5,2022-08-28
"Simone Fontecchio","Utah Jazz",NA,5.2,95.6,1.7,0.3,0.7,0.3,0.1,0.2,0.3,1.4,0.4,0.6,0.5,0.6,2022-08-28
"DeAndre Jordan","Denver Nuggets","Vet",6.2,95.8,1.7,0.3,1.5,0.7,0.3,0.1,0.4,1.4,0.4,0,1,0.8,2022-08-28
"TyTy Washington Jr.","Houston Rockets",NA,4.9,95.3,1.7,0.6,0.4,0.1,0,0.2,0.3,1.6,0.4,0.7,0.4,0.4,2022-08-28
"Aaron Nesmith","Indiana Pacers","Sophomore",4.9,95.9,1.6,0.2,0.7,0.2,0.1,0.2,0.3,1.4,0.3,0.8,0.3,0.7,2022-08-28
"Braxton Key","Detroit Pistons","Rookie",4.7,96.8,1.6,0.2,0.7,0.3,0.2,0.2,0.3,1.4,0.4,0.4,0.6,0.6,2022-08-28
"Jevon Carter","Milwaukee Bucks","Vet",5.8,97.4,1.5,0.6,0.6,0.1,0.1,0.2,0.2,1.3,0.2,0.6,0.2,0.5,2022-08-28
"Tyler Dorsey","Dallas Mavericks","Vet",3.7,96.9,1.5,0.3,0.4,0.1,0,0.1,0.2,1.3,0.3,0.7,0.2,0.3,2022-08-28
"Anthony Gill","Washington Wizards","Sophomore",4.9,95,1.5,0.2,0.6,0.3,0.1,0.1,0.2,1.1,0.5,0.2,0.4,0.6,2022-08-28
"Jason Preston","Los Angeles Clippers",NA,4.2,96.6,1.5,0.4,0.4,0.1,0.1,0.1,0.2,1.3,0.3,0.5,0.4,0.4,2022-08-28
"Svi Mykhailiuk","Toronto Raptors","Vet",4.4,95.9,1.5,0.3,0.4,0.1,0,0.1,0.2,1.4,0.3,0.8,0.4,0.4,2022-08-28
"Pat Spencer","Golden State Warriors",NA,4.5,95.5,1.5,0.5,0.4,0.1,0,0.2,0.3,1.4,0.3,0.6,0.3,0.4,2022-08-28
"Isaiah Miller","Portland Trail Blazers",NA,4.4,95.2,1.5,0.7,0.3,0,0,0.2,0.3,1.4,0.3,0.7,0.3,0.4,2022-08-28
"Blake Wesley","San Antonio Spurs",NA,4.4,95.2,1.5,0.4,0.4,0.1,0.1,0.1,0.3,1.4,0.3,0.6,0.4,0.4,2022-08-28
"Luka Garza","Detroit Pistons","Rookie",3.3,96,1.4,0.2,0.4,0.3,0.1,0.1,0.2,1.2,0.5,0.4,0.4,0.5,2022-08-28
"Gorgui Dieng","San Antonio Spurs","Vet",4.1,95.4,1.4,0.3,0.8,0.3,0.1,0.1,0.2,1.2,0.3,0.8,0.2,0.6,2022-08-28
"Vlatko Cancar","Denver Nuggets","Vet",4.5,96.9,1.4,0.3,0.6,0.2,0.1,0.1,0.3,1,0.3,0.3,0.4,0.5,2022-08-28
"Santi Aldama","Memphis Grizzlies","Rookie",3.9,96.4,1.4,0.2,0.6,0.3,0.2,0.1,0.2,1.2,0.4,0.4,0.6,0.5,2022-08-28
"Elfrid Payton","Phoenix Suns","Vet",5.1,94.9,1.4,0.9,0.5,0.2,0,0.2,0.4,1.5,0.4,0.2,0.6,0.5,2022-08-28
"Jamaree Bouyea","Miami Heat",NA,4.2,95.3,1.4,0.6,0.3,0.1,0,0.2,0.3,1.3,0.3,0.6,0.3,0.4,2022-08-28
"Trevor Hudgins","Houston Rockets",NA,4.1,95.2,1.4,0.6,0.3,0,0,0.2,0.3,1.3,0.3,0.7,0.2,0.4,2022-08-28
"Juan Toscano-Anderson","Los Angeles Lakers","Vet",4.9,95.1,1.3,0.6,0.8,0.2,0.1,0.2,0.3,1.1,0.3,0.4,0.4,0.6,2022-08-28
"Dalano Banton","Toronto Raptors","Rookie",4.2,95.5,1.3,0.6,0.5,0.3,0.1,0.1,0.3,1.1,0.4,0.2,0.5,0.5,2022-08-28
"Daishen Nix","Houston Rockets","Rookie",4.3,96.9,1.3,0.6,0.4,0.1,0,0.2,0.3,1,0.4,0.3,0.5,0.4,2022-08-28
"D.J. Wilson","Toronto Raptors","Vet",3.2,96.4,1.3,0.2,0.6,0.2,0.1,0.1,0.2,1,0.3,0.3,0.3,0.4,2022-08-28
"Kevon Harris","Orlando Magic",NA,4.1,95.5,1.3,0.3,0.4,0.2,0.1,0.1,0.2,1.2,0.3,0.5,0.4,0.4,2022-08-28
"Tyrese Martin","Atlanta Hawks",NA,4,95.2,1.3,0.3,0.4,0.2,0.1,0.1,0.2,1.2,0.3,0.5,0.4,0.4,2022-08-28
"David Duke Jr.","Brooklyn Nets","Rookie",4,95.6,1.3,0.2,0.4,0.2,0.1,0.1,0.2,1.1,0.3,0.4,0.5,0.5,2022-08-28
"Chima Moneke","Sacramento Kings",NA,4.2,95.5,1.3,0.3,0.5,0.2,0.1,0.1,0.2,1.2,0.3,0.5,0.3,0.4,2022-08-28
"Kevin Knox II","Detroit Pistons","Vet",3.2,96.2,1.3,0.1,0.4,0.1,0,0.1,0.2,1.1,0.3,0.8,0.3,0.3,2022-08-28
"Kellan Grady","Denver Nuggets",NA,4,95.4,1.3,0.3,0.4,0.1,0,0.1,0.2,1.2,0.3,0.5,0.3,0.4,2022-08-28
"Jarrett Culver","Memphis Grizzlies","Vet",3.6,97.3,1.3,0.2,0.4,0.2,0.1,0.2,0.2,1.3,0.4,0.4,0.4,0.5,2022-08-28
"Patrick Baldwin Jr.","Golden State Warriors",NA,4.1,95.2,1.3,0.2,0.6,0.3,0.1,0.1,0.2,1.2,0.4,0.4,0.5,0.5,2022-08-28
"Kennedy Chandler","Memphis Grizzlies",NA,4.1,95.3,1.3,0.6,0.3,0.1,0,0.2,0.3,1.3,0.3,0.6,0.3,0.4,2022-08-28
"Christian Koloko","Toronto Raptors",NA,4,95.1,1.3,0.1,0.7,0.4,0.2,0.1,0.2,1,0.4,0.2,0.5,0.7,2022-08-28
"Josh Okogie","Phoenix Suns","Vet",4.5,96.3,1.2,0.2,0.4,0.2,0.1,0.2,0.2,1,0.5,0.3,0.4,0.5,2022-08-28
"Taj Gibson","Washington Wizards","Vet",5.1,95.2,1.2,0.2,0.8,0.5,0.2,0.1,0.2,1,0.3,0.2,0.4,0.8,2022-08-28
"Nathan Knight","Minnesota Timberwolves","Sophomore",2.9,96.8,1.2,0.2,0.5,0.3,0.1,0.1,0.2,1,0.5,0.2,0.5,0.5,2022-08-28
"Maurice Harkless","Atlanta Hawks","Vet",5.7,95.9,1.2,0.2,0.7,0.1,0.1,0.2,0.2,1.2,0.3,0.6,0.4,0.7,2022-08-28
"David Johnson","Toronto Raptors","Rookie",3.4,95.9,1.2,0.3,0.4,0.1,0.1,0.1,0.2,0.9,0.3,0.4,0.4,0.3,2022-08-28
"Jack White","Denver Nuggets",NA,3.9,95.3,1.2,0.2,0.5,0.2,0.1,0.1,0.2,1.1,0.3,0.5,0.4,0.4,2022-08-28
"Peyton Watson","Denver Nuggets",NA,3.8,95.2,1.2,0.2,0.5,0.2,0.1,0.1,0.2,1.1,0.3,0.4,0.4,0.5,2022-08-28
"E.J. Liddell","New Orleans Pelicans",NA,3.7,95.3,1.2,0.2,0.5,0.2,0.1,0.1,0.2,1.1,0.3,0.4,0.4,0.4,2022-08-28
"Javante McCoy","Los Angeles Lakers",NA,3.9,95.4,1.2,0.3,0.4,0.1,0,0.1,0.2,1.1,0.3,0.5,0.3,0.4,2022-08-28
"Jaden Hardy","Dallas Mavericks",NA,3.7,95.2,1.2,0.4,0.3,0.1,0,0.1,0.2,1.1,0.3,0.5,0.3,0.3,2022-08-28
"Nikola Jovic","Miami Heat",NA,3.8,95.1,1.2,0.1,0.5,0.3,0.1,0.1,0.2,1.1,0.3,0.3,0.5,0.5,2022-08-28
"Paul Reed","Philadelphia 76ers","Sophomore",3.2,95.3,1.1,0.2,0.5,0.4,0.1,0.2,0.2,0.9,0.2,0,0.6,0.6,2022-08-28
"Nerlens Noel","Detroit Pistons","Vet",6.6,95.3,1.1,0.2,1.1,0.6,0.4,0.3,0.3,1.1,0.5,0.2,0.5,0.9,2022-08-28
"Jaden Springer","Philadelphia 76ers","Rookie",3.1,96.9,1.1,0.3,0.4,0.1,0.1,0.1,0.2,1,0.3,0.2,0.3,0.3,2022-08-28
"Bol Bol","Orlando Magic","Vet",2.9,95.9,1.1,0.2,0.6,0.2,0.1,0.1,0.2,0.9,0.2,0.3,0.3,0.3,2022-08-28
"Quinndary Weatherspoon","Golden State Warriors","Vet",3.4,95.9,1.1,0.2,0.4,0.1,0,0.1,0.2,0.9,0.3,0.2,0.4,0.5,2022-08-28
"Isaiah Mobley","Cleveland Cavaliers",NA,3.6,95.2,1.1,0.2,0.5,0.2,0.1,0.1,0.2,1,0.3,0.4,0.4,0.4,2022-08-28
"Caleb Houstan","Orlando Magic",NA,3.6,95.2,1.1,0.2,0.5,0.2,0.1,0.1,0.2,1.1,0.3,0.4,0.4,0.4,2022-08-28
"Alondes Williams","Brooklyn Nets",NA,3.4,95.3,1.1,0.3,0.3,0.1,0,0.1,0.2,1,0.3,0.4,0.3,0.3,2022-08-28
"Jamal Cain","Miami Heat",NA,3.4,95.2,1.1,0.2,0.4,0.2,0.1,0.1,0.2,0.9,0.3,0.4,0.3,0.4,2022-08-28
"Udoka Azubuike","Utah Jazz","Sophomore",3.1,96.2,1.1,0.1,0.7,0.3,0.1,0.1,0.2,0.8,0.2,0,0.5,0.5,2022-08-28
"Paul Millsap","Philadelphia 76ers","Vet",3.5,95.8,1.1,0.2,0.6,0.3,0.1,0.1,0.2,0.8,0.3,0.2,0.3,0.6,2022-08-28
"Gabriele Procida","Detroit Pistons",NA,3.6,95.2,1.1,0.2,0.4,0.2,0.1,0.1,0.2,1.1,0.3,0.4,0.4,0.4,2022-08-28
"Collin Gillespie","Denver Nuggets",NA,3.3,95.3,1.1,0.4,0.3,0.1,0,0.1,0.2,1,0.2,0.5,0.3,0.3,2022-08-28
"Hugo Besson","Milwaukee Bucks",NA,3.4,95.2,1.1,0.5,0.2,0,0,0.1,0.2,1.1,0.2,0.5,0.2,0.3,2022-08-28
"Ignas Brazdeikis","Orlando Magic","Vet",3,96.1,1.1,0.2,0.3,0.1,0,0.1,0.1,1,0.2,0.4,0.3,0.3,2022-08-28
"Jaylin Williams","Oklahoma City Thunder",NA,3.4,95.1,1.1,0.1,0.5,0.3,0.1,0.1,0.2,0.9,0.3,0.3,0.4,0.5,2022-08-28
"Frank Ntilikina","Dallas Mavericks","Vet",3.5,95,1,0.3,0.3,0.1,0,0.1,0.2,0.9,0.1,0.5,0.2,0.4,2022-08-28
"Thanasis Antetokounmpo","Milwaukee Bucks","Vet",3.2,96.2,1,0.2,0.4,0.3,0.1,0.1,0.2,0.8,0.3,0.1,0.6,0.5,2022-08-28
"Yuta Watanabe","Toronto Raptors","Vet",3.1,95.9,1,0.1,0.5,0.1,0.1,0.1,0.1,0.9,0.3,0.5,0.2,0.3,2022-08-28
"Johnny Juzang","Utah Jazz",NA,3.1,95.7,1,0.2,0.3,0.1,0,0.1,0.2,0.9,0.3,0.4,0.3,0.3,2022-08-28
"Vince Williams Jr.","Memphis Grizzlies",NA,3.2,95.3,1,0.2,0.3,0.1,0,0.1,0.2,0.9,0.2,0.4,0.3,0.3,2022-08-28
"Jared Rhoden","Portland Trail Blazers",NA,3.1,95.1,1,0.2,0.3,0.1,0,0.1,0.2,0.9,0.3,0.4,0.3,0.3,2022-08-28
"Max Christie","Los Angeles Lakers",NA,3.1,95.2,1,0.2,0.3,0.1,0.1,0.1,0.2,1,0.2,0.4,0.3,0.3,2022-08-28
"Arnoldas Kulboka","Charlotte Hornets","Rookie",3.2,96,1,0.2,0.4,0.2,0.1,0.1,0.2,0.9,0.3,0.4,0.3,0.5,2022-08-28
"Leandro Bolmaro","Utah Jazz","Rookie",3.2,96.1,1,0.2,0.4,0.2,0,0.1,0.2,0.9,0.3,0.2,0.3,0.4,2022-08-28
"Javon Freeman-Liberty","Chicago Bulls",NA,3.3,95.3,1,0.3,0.3,0.1,0,0.1,0.2,1,0.2,0.4,0.3,0.3,2022-08-28
"A.J. Green","Milwaukee Bucks",NA,3.2,95.3,1,0.3,0.3,0.1,0,0.1,0.2,1,0.2,0.4,0.3,0.3,2022-08-28
"Haywood Highsmith","Miami Heat","Vet",3.4,95.4,1,0.2,0.4,0.2,0.1,0.1,0.2,0.9,0.2,0.5,0.3,0.3,2022-08-28
"Khalifa Diop","Cleveland Cavaliers",NA,3.3,95.3,1,0.1,0.5,0.3,0.1,0.1,0.2,0.9,0.3,0.2,0.4,0.5,2022-08-28
"Garrett Temple","New Orleans Pelicans","Vet",4.2,94.8,1,0.3,0.4,0.1,0.1,0.1,0.2,1,0.2,0.6,0.2,0.4,2022-08-28
"Scottie Lewis","Charlotte Hornets","Rookie",2.8,96,0.9,0.2,0.3,0.1,0,0.1,0.2,0.7,0.2,0.3,0.3,0.3,2022-08-28
"Matthew Dellavedova","Sacramento Kings","Vet",4.5,95.6,0.9,1,0.4,0.1,0,0.1,0.2,0.9,0.2,0.4,0.2,0.5,2022-08-28
"Sterling Brown","Houston Rockets","Vet",3.1,96,0.9,0.2,0.5,0.1,0,0.1,0.2,0.8,0.2,0.3,0.3,0.3,2022-08-28
"Isaiah Joe","Philadelphia 76ers","Sophomore",2.6,95.7,0.9,0.1,0.2,0,0,0.1,0.1,0.7,0.2,0.5,0.1,0.2,2022-08-28
"Romeo Langford","San Antonio Spurs","Vet",3.2,95.3,0.9,0.1,0.3,0.1,0.1,0.1,0.1,0.7,0.2,0.3,0.2,0.2,2022-08-28
"Nick Richards","Charlotte Hornets","Sophomore",2.6,96.6,0.9,0.1,0.4,0.2,0.2,0,0.2,0.6,0.4,0,0.5,0.4,2022-08-28
"Ron Harper Jr.","Toronto Raptors",NA,2.8,95.2,0.9,0.2,0.3,0.1,0,0.1,0.2,0.8,0.2,0.3,0.3,0.3,2022-08-28
"Buddy Boeheim","Detroit Pistons",NA,2.9,95.3,0.9,0.2,0.3,0.1,0,0.1,0.2,0.8,0.2,0.3,0.3,0.3,2022-08-28
"Bruno Fernando","Houston Rockets","Vet",2,96.4,0.9,0.1,0.4,0.2,0.1,0,0.2,0.7,0.2,0,0.4,0.3,2022-08-28
"Bryce McGowens","Charlotte Hornets",NA,2.9,95.2,0.9,0.2,0.3,0.1,0,0.1,0.2,0.9,0.2,0.3,0.3,0.3,2022-08-28
"Tyler Hall","Dallas Mavericks","Rookie",2.7,97.2,0.9,0.2,0.3,0.1,0,0.1,0.1,0.7,0.2,0.3,0.2,0.3,2022-08-28
"Darius Days","Miami Heat",NA,3,95.2,0.9,0.2,0.4,0.2,0.1,0.1,0.2,0.8,0.2,0.3,0.3,0.3,2022-08-28
"Luke Travers","Cleveland Cavaliers",NA,2.8,95.2,0.9,0.2,0.3,0.1,0.1,0.1,0.2,0.8,0.2,0.3,0.3,0.3,2022-08-28
"Fabian White Jr.","Los Angeles Lakers",NA,3,95.1,0.9,0.2,0.4,0.2,0.1,0.1,0.2,0.8,0.3,0.3,0.3,0.4,2022-08-28
"Ryan Rollins","Golden State Warriors",NA,2.9,95.2,0.9,0.3,0.3,0.1,0,0.1,0.2,0.9,0.2,0.4,0.3,0.3,2022-08-28
"Scotty Pippen Jr.","Los Angeles Lakers",NA,3,95.2,0.9,0.3,0.3,0.1,0,0.1,0.2,0.9,0.2,0.4,0.2,0.3,2022-08-28
"Cole Swider","Los Angeles Lakers",NA,2.9,95.1,0.9,0.1,0.4,0.2,0.1,0.1,0.2,0.8,0.3,0.3,0.3,0.4,2022-08-28
"Ismael Kamagate","Denver Nuggets",NA,3.1,95.2,0.9,0.1,0.5,0.3,0.1,0.1,0.2,0.8,0.3,0.2,0.4,0.5,2022-08-28
"Trevion Williams","Golden State Warriors",NA,3,95.3,0.9,0.1,0.5,0.2,0.1,0.1,0.2,0.8,0.3,0.2,0.3,0.4,2022-08-28
"Karlo Matkovic","New Orleans Pelicans",NA,3.1,95.2,0.9,0.1,0.5,0.3,0.1,0.1,0.2,0.8,0.3,0.3,0.3,0.4,2022-08-28
"Moussa Diabate","Los Angeles Clippers",NA,3.1,95.2,0.9,0.1,0.5,0.3,0.1,0.1,0.2,0.8,0.3,0.2,0.4,0.5,2022-08-28
"Orlando Robinson","Miami Heat",NA,2.9,95.1,0.9,0.1,0.5,0.3,0.1,0.1,0.2,0.7,0.3,0.2,0.4,0.5,2022-08-28
"Jared Harper","New Orleans Pelicans","Vet",1.9,95.3,0.8,0.3,0.1,0,0,0.1,0.1,0.8,0.2,0.4,0.2,0.2,2022-08-28
"Andre Iguodala","Golden State Warriors","Vet",5.3,94.4,0.8,0.8,0.6,0.2,0.2,0.2,0.3,0.9,0.2,0.5,0.2,0.5,2022-08-28
"Jericho Sims","New York Knicks","Rookie",4.3,94.5,0.8,0.2,0.8,0.4,0.1,0.1,0.2,0.5,0.2,0,0.4,0.5,2022-08-28
"Kent Bazemore","Los Angeles Lakers","Vet",3.4,96,0.8,0.2,0.4,0.1,0.1,0.2,0.2,0.8,0.2,0.5,0.2,0.5,2022-08-28
"Keon Ellis","Sacramento Kings",NA,2.7,95.3,0.8,0.2,0.3,0.1,0,0.1,0.2,0.8,0.2,0.3,0.2,0.3,2022-08-28
"Trevor Keels","New York Knicks",NA,2.7,95.2,0.8,0.2,0.3,0.1,0,0.1,0.2,0.8,0.2,0.3,0.3,0.3,2022-08-28
"Luca Vildoza","Milwaukee Bucks","Sophomore",2.4,96,0.8,0.3,0.2,0.1,0,0.1,0.1,0.7,0.2,0.4,0.2,0.3,2022-08-28
"Rodney Hood","Los Angeles Clippers","Vet",3.4,95.3,0.8,0.2,0.3,0.1,0,0.1,0.1,0.7,0.1,0.3,0.1,0.3,2022-08-28
"Kenneth Lofton Jr.","Memphis Grizzlies",NA,2.8,95.2,0.8,0.1,0.4,0.2,0.1,0.1,0.2,0.8,0.2,0.3,0.3,0.3,2022-08-28
"Gui Santos","Golden State Warriors",NA,2.5,95.2,0.8,0.2,0.3,0.1,0,0.1,0.1,0.7,0.2,0.3,0.2,0.3,2022-08-28
"Jalen Johnson","Atlanta Hawks","Rookie",2.1,96.3,0.8,0.1,0.3,0.1,0,0.1,0.1,0.7,0.2,0.2,0.3,0.2,2022-08-28
"Chaundee Brown Jr.","Atlanta Hawks","Rookie",2.5,95.1,0.8,0.1,0.3,0.1,0,0.1,0.1,0.7,0.2,0.4,0.2,0.2,2022-08-28
"Justin Lewis","Chicago Bulls",NA,2.8,95.2,0.8,0.2,0.4,0.2,0.1,0.1,0.2,0.8,0.2,0.3,0.3,0.3,2022-08-28
"Xavier Sneed","Utah Jazz","Rookie",2.7,95.8,0.8,0.1,0.3,0.1,0,0.1,0.1,0.8,0.2,0.4,0.2,0.3,2022-08-28
"Kai Jones","Charlotte Hornets","Rookie",2.3,95.4,0.8,0.1,0.3,0.2,0.1,0.1,0.1,0.6,0.3,0.1,0.3,0.3,2022-08-28
"Josh Minott","Minnesota Timberwolves",NA,2.6,95.2,0.8,0.1,0.3,0.2,0.1,0.1,0.1,0.8,0.2,0.3,0.3,0.3,2022-08-28
"Kendall Brown","Indiana Pacers",NA,2.6,95.1,0.8,0.1,0.3,0.2,0.1,0.1,0.1,0.7,0.2,0.3,0.3,0.3,2022-08-28
"Matteo Spagnolo","Minnesota Timberwolves",NA,2.5,95.2,0.8,0.2,0.2,0.1,0,0.1,0.2,0.8,0.2,0.3,0.2,0.2,2022-08-28
"Julian Champagnie","Philadelphia 76ers",NA,2.7,95.2,0.8,0.2,0.3,0.1,0.1,0.1,0.2,0.8,0.2,0.3,0.3,0.3,2022-08-28
"Jordan Hall","San Antonio Spurs",NA,2.5,95.2,0.8,0.1,0.3,0.1,0,0.1,0.1,0.7,0.2,0.3,0.3,0.3,2022-08-28
"Gabe Brown","Toronto Raptors",NA,2.7,95.3,0.8,0.1,0.4,0.2,0.1,0.1,0.1,0.8,0.2,0.3,0.3,0.3,2022-08-28
"Michael Foster Jr.","Philadelphia 76ers",NA,2.7,95.2,0.8,0.1,0.4,0.2,0.1,0.1,0.2,0.7,0.2,0.3,0.3,0.3,2022-08-28
"Jamorko Pickett","Detroit Pistons","Rookie",2.6,96.3,0.8,0.1,0.4,0.1,0.1,0.1,0.1,0.7,0.1,0.5,0.1,0.3,2022-08-28
"Makur Maker","Washington Wizards",NA,2.8,95.3,0.8,0.1,0.4,0.2,0.1,0.1,0.2,0.7,0.3,0.2,0.3,0.4,2022-08-28
"Sam Hauser","Boston Celtics","Rookie",2,95.3,0.7,0.1,0.3,0.1,0,0.1,0.1,0.6,0.1,0.4,0.1,0.2,2022-08-28
"Tony Snell","New Orleans Pelicans","Vet",3.3,94.9,0.7,0.1,0.3,0.1,0,0.1,0.1,0.8,0.1,0.5,0.1,0.3,2022-08-28
"Charles Bassey","Philadelphia 76ers","Rookie",2,95.6,0.7,0.1,0.4,0.2,0.1,0.1,0.1,0.5,0.2,0,0.3,0.3,2022-08-28
"Devin Cannady","Orlando Magic","Sophomore",2.2,95.4,0.7,0.2,0.1,0,0,0.1,0.1,0.6,0.1,0.5,0.1,0.2,2022-08-28
"Neemias Queta","Sacramento Kings","Rookie",2.3,95.9,0.7,0.1,0.4,0.2,0.1,0,0.1,0.6,0.2,0,0.3,0.4,2022-08-28
"A.J. Lawson","Minnesota Timberwolves",NA,2.3,95.2,0.7,0.2,0.2,0.1,0,0.1,0.1,0.7,0.2,0.3,0.2,0.2,2022-08-28
"Marko Simonovic","Chicago Bulls","Rookie",2.2,95.6,0.7,0.1,0.4,0.2,0.1,0.1,0.1,0.6,0.2,0.2,0.3,0.3,2022-08-28
"Lester Quinones","Golden State Warriors",NA,2.3,95.3,0.7,0.2,0.2,0.1,0,0.1,0.1,0.7,0.2,0.3,0.2,0.2,2022-08-28
"Jabari Walker","Portland Trail Blazers",NA,2.5,95.2,0.7,0.1,0.3,0.2,0.1,0.1,0.1,0.7,0.2,0.2,0.3,0.3,2022-08-28
"Miles McBride","New York Knicks","Rookie",2.5,94.8,0.7,0.3,0.2,0,0,0.1,0.1,0.6,0.1,0.4,0.1,0.3,2022-08-28
"Dominick Barlow","San Antonio Spurs",NA,2.5,95.1,0.7,0.1,0.3,0.2,0.1,0.1,0.1,0.9,0.2,0.2,0.3,0.4,2022-08-28
"JD Davison","Boston Celtics",NA,2.4,95.2,0.7,0.3,0.2,0.1,0,0.1,0.2,0.7,0.2,0.3,0.2,0.2,2022-08-28
"Mouhamed Gueye","Dallas Mavericks",NA,2.6,95.1,0.7,0.1,0.4,0.2,0.1,0.1,0.1,0.9,0.3,0.2,0.3,0.4,2022-08-28
"Admiral Schofield","Orlando Magic","Vet",2.4,96.4,0.7,0.1,0.3,0.1,0,0.1,0.1,0.6,0.1,0.4,0.1,0.3,2022-08-28
"Yannick Nzosa","Washington Wizards",NA,2.5,95.1,0.7,0.1,0.4,0.2,0.1,0.1,0.1,0.9,0.3,0.2,0.3,0.4,2022-08-28
"McKinley Wright IV","Dallas Mavericks","Rookie",2.3,96.4,0.7,0.3,0.2,0,0,0.1,0.1,0.6,0.2,0.3,0.2,0.2,2022-08-28
"Luke Kornet","Boston Celtics","Vet",1.9,95.7,0.6,0.1,0.3,0.1,0.1,0,0.1,0.5,0.1,0.1,0.2,0.2,2022-08-28
"Jake Layman","Minnesota Timberwolves","Vet",1.8,96.2,0.6,0.1,0.2,0.1,0,0.1,0.1,0.5,0.1,0.2,0.2,0.2,2022-08-28
"Devontae Cacok","San Antonio Spurs","Vet",1.9,96,0.6,0.1,0.4,0.1,0.1,0.1,0.1,0.4,0.1,0,0.2,0.2,2022-08-28
"Usman Garuba","Houston Rockets","Rookie",2.6,97.3,0.6,0.1,0.5,0.2,0.1,0.1,0.1,0.4,0.2,0.1,0.2,0.3,2022-08-28
"JT Thor","Charlotte Hornets","Rookie",2,96.2,0.6,0.1,0.3,0.1,0.1,0.1,0.1,0.4,0.2,0.1,0.2,0.2,2022-08-28
"Marcus Garrett","Miami Heat","Rookie",2.2,93.8,0.6,0.1,0.2,0.1,0,0.1,0.1,0.5,0.1,0.1,0.2,0.3,2022-08-28
"Dylan Windler","Cleveland Cavaliers","Vet",2,94.8,0.5,0.1,0.3,0.1,0,0.1,0.1,0.4,0.1,0.2,0.1,0.2,2022-08-28
"Joe Wieskamp","San Antonio Spurs","Rookie",1.9,95.6,0.5,0.1,0.2,0.1,0,0.1,0.1,0.5,0.1,0.3,0.1,0.2,2022-08-28
"Didi Louzada","Portland Trail Blazers","Sophomore",1.7,95.2,0.5,0.1,0.2,0.1,0,0.1,0.1,0.4,0.1,0.2,0.1,0.2,2022-08-28
"Tyler Cook","Chicago Bulls","Vet",1.6,96,0.5,0,0.3,0.1,0,0,0.1,0.4,0.2,0,0.2,0.2,2022-08-28
"Wayne Ellington","Los Angeles Lakers","Vet",1.2,96.6,0.4,0,0.1,0,0,0,0,0.3,0,0.3,0,0.1,2022-08-28
"Malcolm Hill","Chicago Bulls","Rookie",1.2,96.3,0.4,0.1,0.1,0.1,0,0,0.1,0.3,0.1,0.2,0.1,0.1,2022-08-28
"Chris Chiozza","Golden State Warriors","Vet",1.5,94.7,0.4,0.3,0.1,0,0,0.1,0.1,0.3,0.1,0.2,0.1,0.1,2022-08-28
"Udonis Haslem","Miami Heat","Vet",2.4,94.6,0.4,0.1,0.5,0.1,0.1,0.1,0.1,0.5,0.1,0.1,0.1,0.5,2022-08-28
"Ish Wainright","Phoenix Suns","Rookie",0.9,95.6,0.3,0,0.1,0.1,0,0,0,0.3,0.1,0.1,0.1,0.1,2022-08-28
"Skylar Mays","Atlanta Hawks","Sophomore",0.8,96.3,0.3,0.1,0.1,0,0,0,0,0.2,0.1,0.1,0.1,0.1,2022-08-28
"Ed Davis","Cleveland Cavaliers","Vet",2,94.9,0.3,0.1,0.4,0.2,0.1,0.1,0.1,0.2,0.1,0,0.1,0.4,2022-08-28
"Matt Ryan","Boston Celtics","Rookie",1,96.5,0.3,0.1,0.1,0,0,0,0,0.3,0.1,0.3,0.1,0.1,2022-08-28
"Anthony Lamb","Houston Rockets","Sophomore",1.1,95.6,0.3,0.1,0.1,0.1,0,0,0.1,0.3,0.1,0.1,0.1,0.1,2022-08-28
"Robert Woodard II","San Antonio Spurs","Sophomore",0.9,96.3,0.3,0.1,0.1,0.1,0,0,0,0.3,0.1,0.1,0.1,0.1,2022-08-28
"Vernon Carey Jr.","Washington Wizards","Sophomore",0.9,96.6,0.3,0,0.1,0.1,0,0,0,0.3,0.1,0,0.1,0.1,2022-08-28
"Jay Huff","Los Angeles Lakers","Rookie",1.2,96.4,0.3,0,0.2,0.1,0.1,0,0.1,0.3,0.1,0.1,0.1,0.2,2022-08-28
"Cassius Winston","Washington Wizards","Sophomore",1,96.2,0.3,0.1,0.1,0,0,0,0.1,0.3,0.1,0.1,0.1,0.1,2022-08-28
"Matt Thomas","Chicago Bulls","Vet",0.6,95.6,0.2,0,0.1,0,0,0,0,0.2,0,0.1,0,0,2022-08-28
"Theo Pinson","Dallas Mavericks","Vet",0.7,95.3,0.2,0.1,0.1,0,0,0,0,0.2,0.1,0.1,0,0.1,2022-08-28
"Norvel Pelle","Portland Trail Blazers","Vet",0.7,95.9,0.2,0,0.1,0.1,0.1,0,0,0.2,0,0,0.1,0.1,2022-08-28
"Keljin Blevins","Portland Trail Blazers","Sophomore",0.9,94.6,0.2,0,0.1,0,0,0,0,0.2,0,0.2,0.1,0.1,2022-08-28
"Elijah Hughes","Portland Trail Blazers","Sophomore",0.7,95.6,0.2,0,0.1,0,0,0,0,0.2,0,0.1,0,0.1,2022-08-28
"Gabriel Lundberg","Phoenix Suns","Rookie",0.5,96.3,0.2,0.1,0,0,0,0,0,0.2,0,0.1,0,0.1,2022-08-28
"Justin Champagnie","Toronto Raptors","Rookie",0.4,96.9,0.1,0,0,0,0,0,0,0.1,0,0,0,0,2022-08-28
"Isaac Bonga","Toronto Raptors","Vet",0.4,95.8,0.1,0,0,0,0,0,0,0.1,0,0,0,0.1,2022-08-28
"Davon Reed","Denver Nuggets","Vet",0.3,95.7,0.1,0,0,0,0,0,0,0.1,0,0,0,0,2022-08-28
"Trevelin Queen","Philadelphia 76ers","Rookie",0.4,95.5,0.1,0,0,0,0,0,0,0.1,0,0.1,0,0,2022-08-28
"Sam Merrill","Sacramento Kings","Sophomore",0.4,95.8,0.1,0,0,0,0,0,0,0.1,0,0.1,0,0,2022-08-28
"Jordan Schakel","Washington Wizards","Rookie",0.3,95.9,0.1,0,0,0,0,0,0,0.1,0,0,0,0,2022-08-28
"Charlie Brown Jr.","Philadelphia 76ers","Vet",0.3,96,0.1,0,0,0,0,0,0,0.1,0,0,0,0,2022-08-28
"Xavier Moon","Los Angeles Clippers","Rookie",0.3,96,0.1,0,0,0,0,0,0,0.1,0,0,0,0,2022-08-28
"Killian Tillie","Memphis Grizzlies","Sophomore",0,95.5,0,0,0,0,0,0,0,0,0,0,0,0,2022-08-28
"Brodric Thomas","Boston Celtics","Sophomore",0,96.7,0,0,0,0,0,0,0,0,0,0,0,0,2022-08-28
"Gary Clark","New Orleans Pelicans","Vet",0,95.2,0,0,0,0,0,0,0,0,0,0,0,0,2022-08-28
"Sandro Mamukelashvili","Milwaukee Bucks","Rookie",0,97.2,0,0,0,0,0,0,0,0,0,0,0,0,2022-08-28
"Mfiondu Kabengele","Boston Celtics","Vet",0,95.8,0,0,0,0,0,0,0,0,0,0,0,0,2022-08-28
"DJ Stewart","San Antonio Spurs",NA,0,93.7,0,0,0,0,0,0,0,0,0,0,0,0,2022-08-28
"Yves Pons","Memphis Grizzlies","Rookie",0,96.9,0,0,0,0,0,0,0,0,0,0,0,0,2022-08-28
"RJ Nembhard Jr.","Cleveland Cavaliers","Rookie",0,96.2,0,0,0,0,0,0,0,0,0,0,0,0,2022-08-28
"Mac McClung","Golden State Warriors","Rookie",0,96.9,0,0,0,0,0,0,0,0,0,0,0,0,2022-08-28
"Eugene Omoruyi","Oklahoma City Thunder","Rookie",0,96.4,0,0,0,0,0,0,0,0,0,0,0,0,2022-08-28
"Lindell Wigginton","Milwaukee Bucks","Rookie",0,97.2,0,0,0,0,0,0,0,0,0,0,0,0,2022-08-28
"Moses Wright","Dallas Mavericks","Rookie",0,95.6,0,0,0,0,0,0,0,0,0,0,0,0,2022-08-28
"Feron Hunt","New York Knicks","Rookie",0,96.1,0,0,0,0,0,0,0,0,0,0,0,0,2022-08-28
"Isaiah Todd","Washington Wizards","Rookie",0,97,0,0,0,0,0,0,0,0,0,0,0,0,2022-08-28
"Jeff Dowtin","Toronto Raptors","Rookie",0,97,0,0,0,0,0,0,0,0,0,0,0,0,2022-08-28
"Carlik Jones","Chicago Bulls","Rookie",0,96.5,0,0,0,0,0,0,0,0,0,0,0,0,2022-08-28
